长得好看才叫海王 像你这种只能叫水鬼,1
你父母是做化学的吗 你看起来像试验品诶,1
大家都是炎黄子孙 怎么就你是天生地养的呢,1
感觉你的智商和脐带一起剪断了   ,1
我至今无法相信,1
你会是数亿万个精子里跑的最快的,1
你是数字界和英文界的二把手,1
当我还试图在你身上寻找美的时候,1
我就彻底绝望了,1
我的眼睛不是染缸 装不下你的各种脸色,1
是下水道的黑暗 造就了您不懂礼数的浅薄,1
说话这么好听 上完厕所一定擦过嘴了叭,1
僵尸兴奋地打开你的头盖骨,1
失望地走开了 旁边的屎壳郎眼前一亮,1
我想打电话给你聊聊三观,1
哈哈哈开玩笑的 我哪有时间 你哪有三观,1
草船上借的不就是你吗,1
你长得就和二维码似的,1
不扫一扫还真不知道是个什么东西,1
你长得很有考古价值啊,1
真的期待您全家在奈何桥畔表演千手观音的春晚直播,1
你找兄弟姐妹得去动物园 甚至要离开地球,1
现在男的长的越来越祸国殃民了,1
有头在空中飞得口吐白沫的牛,1
要我帮它下来 唯一的方法是让你闭上嘴,1
我有了孩子必须让你教他 还要教他历史,1
看一眼你的脸 中华五千年全记住了,1
我喜欢的东西很俗 但确实能让我快乐,1
你也很俗 但你不是个东西,1
公主发脾气才叫公主病 你那叫什么,1
你那叫野鸡情绪失控综合症,1
好看的女孩互相欣赏 丑陋的猪精才嫉妒,1
你俩真般配 看来月老的垃圾分类挺到位的,1
听你说话 一种智商上的优越感油然而生,1
有时间去多晒晒太阳 做做美黑,1
然后去动物园看看缺不缺猩猩吧,1
大清都亡了怎么还有太监呢,1
我怎么敢碰你呢 我怕我买洗手液买穷自己,1
你瞅你跟个斑马脑袋似的头头是道,1
臭泥鳅沾点海水还真把自己当海鲜了,1
您抓周拿到的是键盘吗,1
您上辈子是缝纫机吗 这么会拉踩,1
现在的手机这么智能吗 猪都能拱字了,1
两块钱的尺子都有二十厘米 你有吗,1
豆腐都有脑 你却没有,1
小嘴抹了开塞露似的 老往外喷,1
我有密集恐惧症 不能接近心眼子多的人,1
您是不是这几天肠胃不好把脑子给拉出来了,1
你是亚里士多德的妹妹珍妮玛士多吗,1
不会聊天就不要聊了,1
我撒把米到键盘上鸡都啄得比你会说话,1
请问你是秋高吗 我都被你气爽了,1
你可真是癞蛤蟆装小青蛙 长得丑玩的花,1
人类进化的时候你是躲起来了吗,1
你象棋下得挺好的吧 看你马后炮挺在行的,1
用一句话形容你吧 人面不知何处去,1
说话这么毒，你前男友尿毒症吧。,1
多照照镜子，很多事情你就明白原因了。,1
我看你像上个世纪七十年代的美国经济。,1
装了GPS吗，清楚自己的定位吗?,1
你好，蒙娜丽莎的姐姐“珍妮玛莎”。,1
认识的人多了，突然觉得狗也很可爱。,1
原来身残志坚就是您这个模样，受教了。,1
你那张大脸涂口红，好像那个煎饼果子刷大酱。,1
愿你吃饭有人喂，走路有人推。,1
你三观很正，就可惜五官不行。,1
看你说话的逻辑，直肠通大脑吧。,1
真羡慕你的皮肤，保养的这么厚。,1
我看你像上个世纪七十年代的美国经济。,1
百度搜不到你，搜狗一定能搜到。,1
你自从得了神经病，整个人都精神多了!,1
有病你治病，你别找我啊，我又不是兽医。,1
这位妹妹可有上过学，现吃什么药。,1
人类进化的时候你躲起来了吧。,1
脑袋不用，留着当遗产吗,1
你是什么牌子塑料袋，这么能装,1
看的出来，你是第一次做人，没什么经验。,1
“Porsche的方向盘也太硬了吧，开一圈下来手都酸了，为什么那么多人喜欢…我是真的开不来！”,1
“老公竟然送了我一辆粉红的兰博基尼，这颜色选的也太直男了吧，哎，怎么跟他说我不喜欢这个颜色呢？”,1
“直男送礼物是不是只会送口红啊，家里口红多得我长108张嘴都涂不完了...”,1
哟，题主这么厉害，我哪敢回答啊？！,1
看，急了急了。,1
你孝起来真好看。,1
僵尸兴奋地打开你的头盖骨，失望地走开了，旁边的屎壳郎眼前一亮。,1
我想打电话给你聊聊三观，哈哈哈开玩笑的，我哪有时间，你哪有三观。,1
草船上借的不就是你吗?,1
你长得就和二维码似的，不扫一扫还真不知道是个什么东西。,1
你长得很有考古价值啊。,1
真的期待您全家在奈何桥畔表演千手观音的春晚直播。,1
你父母是做化学的吗，你看起来像试验品诶。,1
你找兄弟姐妹得去动物园，甚至要离开地球。,1
现在男的长的越来越祸国殃民了。,1
有头在空中飞得口吐白沫的牛，要我帮它下来，唯一的方法是让你闭上嘴。,1
我有了孩子必须让你教他，还要教他历史，看一眼你的脸，中华五千年全记住了,1
就这？就这？,1
就你？,1
你在教我做事？,1
哟，了不起了不起。,1
哦，那你很棒棒哦,1
嗯，然后呢？你就这会这个吗？,1
所以注定我这辈子是做不了商人妈蛋,0
无论是心情多么低沉的夜晚，天光大亮后都是崭新的开始。,0
帽子怎么就变绿色幸好只是试一下,0
不想当个好人，好人的背后有多少的心酸害怕喝醉酒的人，害怕他们做出无法挽回的事情是真的会醉么？还是找个机会发泄出平时不敢说的话，不敢做的事呢，这样失控的人，真的很可怕2016.10.1晚上八点二十八分,0
一种爱是你可以为她去死；还有一种爱是得为你爱的人好好活着。,0
考了两次普通话，每次都离目标差一点点，就一点点！！要被气死了！！,0
尼玛吓死我了，人家剪个头发回来跟劳改犯一样短的可怕，后面什么鬼[黑线][黑线][黑线][白眼][白眼],0
活在阴影里这么久，还不是出来的时候,0
小紧张~不过美美羊和圆圆媛要去看我表演，好开森啊！,0
感觉自己被一杯红茶玛奇朵给收买了不开心,0
你以为你是谁啊。就你这样的，，，，我也是醉了！,0
是安徽省规模较大的科技中介机构之一。,0
本标准由第七分会“书刊号标准化工作组负责起草。,0
这样折磨我真的好吗？为什么我背的题一道都不考，伐开心,0
一个人真无聊，美食都没味了，你要在就好了…唉………,0
早上和妈妈生气，居然说，找个新妈妈,0
把孩子的涂鸦做成长毛绒玩具！一切来自一个真实的灵感：一位母亲把她四岁儿子的涂鸦做成长毛绒玩具。(via风过山),0
这个村的年轻人大多数都出外打工。,0
#linther说#以前，他从来不对我说晚安，就算每次我发了晚安，他只会回“拜”。今天，他主动说了“晚安”，我心里一惊，又觉得是不是自己想多了。,0
除此之外比较让我恐惧的就是，自己的智商是有限的，有的东西我可能一辈子都理解不了，但是却有人能够轻易的理解。就像看着自己怎么伸手都够不着的果实被别人轻易的摘去了一样。而且那里明明还有很多果实，我能看得到但是一辈子都够不着。想想真是让人害怕啊。不甘心也没有用，为什么我不是天才呢。,0
手机买了12天就降了300，摩托你的手机情怀呢？,0
形成的土壤为潮沙泥和潮沙泥田。,0
卧槽！！！！！！禽兽！！！！！！！！,0
为什么老师看见我的桌面会问我：“你平时是不是打游戏？”,0
棉花一枝独秀？难道看不见服装业的形势？,0
前身为始建于1892年的“宽仁医院。,0
最近追三国演义，曹操要刺杀董卓，关键时刻吕布突然进来，曹操转势跪献宝刀，吓一头脑袋汗，这个演技我给后来刺杀收留他的吕伯奢一家看的心惊,0
【女生健康睡眠】女生一旦晚睡早起，生活作息就会严重违背生物钟，易成为慢性失眠。有睡眠问题的女生是男生的1.5倍，有慢性失眠问题的女生是男生的1.3倍。睡不好的女生常有脑中风心血管疾病的患病风险。女生每天最好睡足8小时，不要少于6小时。中午最好休息半小时到1小时。晚上最好10时左右睡觉。,0
从听《callmemabye》到现在，今天第一次看歌曲的MV，拍的很唯美，女主很小清新，男主很阳光很帅气，but，最后的结局却是：那么迷人好看的男主，他callmemabye的对象竟然是乐队的吉他手，他喜欢的是男的。,0
过了太久安逸的生活了，被最近一系列的国际大事惊呆了，这是什么节奏,0
5月22日上午9：00——10：30，申报高中、中职、实习指导教师资格人员教育教学能力测试笔试；,0
想自己装个软件，咋这难呢？？想骂人,0
加州最有名的意面，披萨，居然也要排队，蒜香虾球面，宫爆虾球面，好吃,0
真是火大做了一遍乱码白做重做又乱码破系统能不能不闹,0
似乎又被禁言了渣浪你想怎样，我的vip是白开的吗？,0
心里好烦好烦好烦好烦你们不熟你妹啊那你上课的干嘛跟她讲话卧槽靠靠靠！烦死了还笑那么开心我去你大爷你怎么跟她不熟了我靠,0
我没有你们那种与生俱来的自信…也或许曾经有过…?,0
到海关办了退运，花了286，肉疼,0
看完恐怖片才意思到自己是一个人睡旅馆，楼道隔音不好能听到脚步声，楼下还有那种服务，害怕到没有困意,0
谢谢honey们帮我庆祝生日！！！谢谢你们的祝福，谢谢身边的所有人！爱你们,0
一到下雨天就莫名的惆怆，下一秒情绪就完全奔溃，闭着眼睛忍不住的流眼泪，这种情绪陪伴自己已经有一年半了。我想哪种心酸，委屈，无力辩解，和深深的遗憾只有这淅淅沥沥的雨声知道,0
熬到了天亮，好神奇一点睡意都没有,0
终于………以前都是在上面的��柔板跟催眠曲似的，豆说他弹的速度比她数钱还快,0
感觉很不好，需要音乐平复我躁动的内心！���,0
"2011.11.24,11:58分，《垫底辣妹》里最后因为一向被自己忽视小看的女儿考试了梦想中的大学，爸爸背起女儿....我竟然想大喊一声：你如果此刻冲到我面前来找我我就原谅你.....呵呵...",0
全场比赛结束，阿森纳3:0战胜萨格纳布迪纳摩，桑切斯闪耀全场，接下来欧冠最后一场生死战，让我们去希腊赢两球或者3:2的比分,0
一觉醒来你发现你梦到的人身边不是你你的未来也不会有他心里的一阵失落感和难受就会升起,0
而起关键是在燃油的精确配置和废气的后置处理，各多的电子新科技将运用到新一带柴油机上。,0
纯君也在玩touken的节奏？,0
只想说，有些人完全不懂什么叫人情味，既然你不懂人情味，也枉费做一个人，那么我也就不用把你当人看，尼玛，心塞，是很塞,0
1986年在遗传病研究中，张乃赓新发现了6种8例遗传病，获黑龙江省计划生育委员会遗传病研究一等奖，并获黑龙江省科技进步三等奖。,0
为啥子都喜欢赶在中午饭点过来啊啊啊，你们午休能不能也让我们歇会,0
字迹潦草却不失内涵，宿舍不拔插线板写的检讨大二的我们身不由己呀，真心不知道怎么写,0
更年期的女boss真的让人受不了，烦躁,0
今天晚上给别人写推优的什么东西，还有选修课，明天晚上要交的物理实验数据还没处理，周六要考综合交通，没复习，还正好是物理演示实验的那天，还有一个月考四级，没怎么背英语，听课听不进去，跑步停了半个月了，锻炼虽然一直在做着，但是晚上开始吃了，负能量爆棚，真糟糕,0
第二十一条??严禁弃婴、溺婴、非法收养子女。,0
空闲时间太多，就会胡思乱想，以至于唤醒了心中的彷徨。,0
老舍《黑白李》：“黑李是我的好友，因为常到他家去，所以对白李的事儿我也略知一二。,0
阳气就是阳清之气，阴阳二气混杂从而化育了万物。,0
永远在变的计划，你什么时候能让我追上你！！！！,0
吃个宵夜而已嘛你就开始痛痛痛了.6点还要起床.我只想安安静静睡个觉.乖!不要折磨我了呵.,0
听得太多命中注定，看来得准备自己一个人好好过了……一切是好是坏我都欣然面对！,0
这支DirtySouth名团组建于1991年，全部团员来自佐治亚州首府亚特兰大市，成员分别为Cee-Lo、Khujo、T-Mo和BigGipp等四人。,0
梦见某国发现某病毒强化人体，收集了一批志愿者和选中的军人来试验，不行的会被淘汰。病毒感染的人对宿主会天然有好感，但是满足宿主条件的很少，好容易集齐了所有条件找到了一个人，但要很残酷的全部打碎重组，然后经过强化宿主和被病毒感染的人的关系就可以组建一支绝对服从的强大军队。,0
换季降温也想美美的？一条围巾就足够啦！小法为大家普及几种冬天最常用的厚围巾的系法，赶快叫着小伙伴，一起get√起来吧！,0
我竟然才知道我有一个富二代加官二代加红二代的朋友,0
画个圈圈诅咒你！（臭老头）脏鬼！,0
一早起来陪伴自己3年的那根笔居然不见了真心是找不到了,0
全村辖1个村民小组，其中从事第一产业人数110人。,0
一首摇篮曲搞定一个吃货，那也是神了,0
小区取缔垃圾桶，以后没有大爷来每天收拾两次垃圾桶了，我好怀念收垃圾的大爷，有大爷的日子垃圾想扔就扔,0
两个班的差别怎么辣么大一天给你们上课焦死人,0
@新浪微博你个碧池，设置的什么破功能，不是说好的仅自己可见吗？tellmewhy？你个碧池！,0
天阴下雨，浑身酸疼的赶脚，不喜欢,0
开会开到现在，饿成�了，我想妈妈,0
总是忙忙叨叨到现在，但是泡过脚之后睡觉真的很舒服。昨天晚上梦见二肥，我很想你，陪我一起长大的你，在那边要好好的。,0
我也不太懂为啥要保持最坏的打算，担惊受怕过三年，并且担忧越来越强烈。希望结果出现的时候，不会影响正常的生活。,0
不是抱怨。而是根本想去拿着所有东西摔他脸上告诉他你妈逼啊！卧槽！,0
今天又拔出这么多白发，我还年轻离我远点,0
每一个管理者都可以对照拉伯福所说的这十种错误，举一反三，验照一下自己是不是犯过类似的错误。,0
现在的警察都是这样办事的么？！,0
看了多篇报道，有植入广告嫌疑，西方人能干得出来？,0
胖了胖了胖了，怎么才可以不受美食的诱惑。真的胖了,0
改变命运的时候来了，可惜不够分，有点失落,0
今天是宝小姐第一次，参加学校举行的“万圣节”…看来玩的好开心,0
真的很后悔以前的微博都删了好多东西都找不回来仅剩一些残余的记忆,0
[婴儿]#Day98#第一次摔下床，现在还心有余悸。并没有一直哭，哄一会吃完奶就睡着了。看着满脸蚊子包熟睡的你，真是后悔，心疼！这是第一次一定也是最后一次。,0
"我的神哦,还好我不但不泡脚，而且从来不洗脚赶紧泡会压压惊",0
今天是个倒霉的日子…………………,0
如果把信息发给接受不到的对方，可以很直接，不用这么纠结,0
外国学者称它为“中国17世纪的工艺百科全书。,0
月华寒子夜，更漏待天明。梦中忽觉醒，回寰一息中。,0
典型的外在报酬为经济薪酬，即货币薪酬。,0
做这道菜的心里过程：在菜场看的时候，它们一个个喷着水撒欢，买回家清洗的时候它们都害怕地紧闭着盔甲，由于泥太多，我用力清洗时发现把一个壳弄碎了，觉得它们好可怜~炒的时候很纠结，把它们一个个炒死了~他们有没有神经系统啊？但熟的时候闻到香味我就忘了它们生前的所有，人类好可怕,0
看了几日的视频教程终于狠下心安静的去织了感觉还挺不错的妈妈老公都说还不错心里挺开心,0
做过的选择极少给你回过头更改的机会，又没勇气抛下所有另辟一蹊径，只得努力奋斗，使最初的选择变成正确。,0
如果哪位有幸考中了第一名状元，不仅能得到高官厚禄，还可以名扬天下。,0
1906年转入镇平县立第一高等小学堂，次年，考入县立师范传习所。,0
特么即participation后，reflectivewriting成为了我最恶心的体裁1000的反思花了我四天天天检讨才憋完……,0
万历十七年受封世子，天启元年，袭封周王。,0
自己买的东西冒着雨也要拿回来，要走那么远内心是崩溃的,0
我就想问一下@杭州市民卡你们是怎么做到过去一周不管什么时候打你们客服电话都是“服务代表正忙”的忙音。,0
刚刚上床，肩膀ba了一声，感觉整个左肩都不好了疼,0
从以前到现在都是这样，会恐惧将来发生的事，会恐惧将来对那个时间的否定。会害怕自己的麻木。即使回过头去想以前的事，并没有什么。但是现在当前的时间点上，让我去想将来会冷漠的看这样的自己，让我害怕不已。,0
想吃什么的时候正好能吃到这一定是世界上最幸福的事情之一,0
在他们喜闻乐见的环境中引导他们！鼓舞他们向那些真善美学习、这样我们的国家！我们的民族，我们这一代的大学生才是有希望的！,0
看完后，怎么会有这么大胆女孩，恐怖[惊恐]！这个个社会，真的什么人都有。不能随便发定位这些了！好恐怖！,0
网又没了，又在挂流量，要崩溃。,0
妈蛋的TB坑爹的无良商家！挣黑心钱也不怕遭雷劈！怎么说都不理人！给我气不行了！,0
就这样，我三个月来的纠结和痛苦就这么过去了。回头看的时候，依然还是心有余悸。一路艰辛，终得其所，虽不是如愿以偿，但已尽力，自己努力无愧于心，但深得教训。此事为今后之参照，愿再接再厉！,0
耳边听着“不要告别”，又想起了五六月的武汉，空气是潮湿的，也是人心惶惶的，太多人要离开，要告别，我也在惴惴不安和不舍中离开，现在想来在武汉的两年是最自由的，又想到了璐璐和黑学霸……,0
说好的起来看书，一觉过午。饥肠辘辘煮面，发现没盐了，等了半天面还没熟，原来跳闸了，重新来过等，还没熟，奥，原来插头掉了…我顶！老子他妈不吃了,0
安静的可怕，这个时候应该看个恐怖片[惊恐],0
又停电fuck有多少事都我不能干了,0
事实证明，十一过后我就拆蚊帐是多么的错误！这几天没一天睡好的，平均每晚都要三四个蚊子，谁家像我们这么多啊？家里会不会有蚊子窝？我认输了，明天重新把蚊帐装上今晚这个我还没找到，关灯就嗡嗡，抓狂死了,0
你看到是世界都是被包装过的，就像纳尼亚传奇里白皇后变出热奶茶和巧克力，最后都化作一团冰凉的白雪。大家说着言不由衷的话，口是心非的说他们爱你，支持你。却又在心里偷偷地埋怨你。就是这样的吧。,0
每次回忆起来都是满满的温暖和感动,0
@苑洛fover婧祺说：“你是弯的！”我没反应过来：“啊？”然后顺着她指得方向一看，原来是月亮,0
10月才刚刚开始，已经给2017年预约了三件大事。在日本似乎习惯了一切提前安排，似乎计划让我们的生活丰富多彩并井井有条，但有时也会有些小迟疑想想它是不是真的好，拖拉时间向前的同时，不免也有种惧怕被时间碾轧的小恐惧。,0
快速化解愤怒的是与愤怒不相干的工作。工作，没有感情色彩，客观存在，可以集中注意力，也可以消耗体力……,0
一回到寝室就开始做ppt!我真是要崩溃了！脑袋里的想法那么好，为什么就是做不出来呢！先是一个技术问题，搞了三四个小时解决后，又找不到合适的图！我真的心好累！痘痘都长一脸了明天我就是不吃不喝不睡也要把ppt做出来！再求有没有人有眼睛鼻子嘴巴耳朵头发特征明显的卡通图�,0
12月乌鲁木齐市环保局和市教育局命名乌鲁木齐市第二十三中学为“市级绿色学校。,0
圆通快递，暴力运送！都成这样了，竟然说没有当面验收，完全在推脱责任！,0
《小萝莉的猴神大叔》国界之门打开那一刻什么宗教国家矛盾统统靠边站感情不分国界特别感人的电影好看就是了�,0
很好又失眠了!!,1
"很好!在农场里贫富差距很大,有钱人都没得偷",1
莫拉克...你好样的...想不到你还真有两下子的...,1
"很好,那款什么昂贵到爆的麦卡伦年,后劲魔力可真不是普通人能领教的,大高良姜,乳香,埃及红没药,缬草全倾力而出再不行,我要请道士来驱走它在我体内的酒魂",1
很好...经过早上的系统维护之后，我仓库里的钱只剩!!,1
很好，餐城挂了，我的评价又要掉到谷底了,1
次回归方程式+++很好!我跟你杠上了,1
很好！昨天在帮我妹试这玩意，我成功安装了，结果他一直失败，后来想说网页一直出现广告好烦，我就把它移除。结果...结果！我的网路就断掉了！！！说找不到我的........吼~~~~~~~~~~~~~~,1
专题、义工、行前说明、环境钓螃蟹、报告整理加打工！！很好，一个礼拜才七天，没一天空闲的~真的深深觉得在长庚会累死......,1
现在很无言......很好，反正都登不进，闭嘴就是了!,1
天气真的很好!好到我非常的冷!好想回家拿长袖的衣服了~这礼拜六不用上班，早知道星期五就请假了…再回嘉一趟!可是来不及了~今天才请假太晚了!回嘉的日期，遥遥无期…我看我就买一件新外套，或者叫爸妈寄一件外套上来，反正我有把长裤都带上来，冬天就上半身穿短袖+外套!!,1
那提+桂格大燕麦片碰出新泻药!很好用~可以减肥!,1
太好了!!!飞蚊症越来越明显了!!!,1
很好呀！我现在喉咙又痛了，我是跟哪里不合压~',1
很好...我妈骑车撞我的车...,1
很好..图书馆又要关门了..还是有很多事还没做完,1
"不知是不是因为太早起了,脑袋不清楚,我竟然把卡插入卡槽,塞进去............还知道要推到底...很好!拿不出来了,都还没开机,就又要送回去了",1
很好...要开始学了!不过还是要在上写比较快+,1
刚失业就被开罚单，老天爷对我还真好...,1
得奖公布一延再延你很好阿你，评审名单不是该几个月前就确定了，怎么会关键时刻才来说目前评审都在国外所以决审顺延!理由不充足啦!!!,1
很好，我的「又」发生不明错误了...这真是这世纪最很伟大的发明啊...,1
很好…现在连开机都开不了了…最近真的很不顺，还得筹钱买电脑，真惨～',1
很好~很好~昨天失眠凌晨点才睡早上点就起床...我现在都不知道坐在电脑前面的是谁了,1
很好...有人得到了新流感....救救我...我要离开这里!!!',1
很好，上的也升级到在中文输入法下按会回到上一页的版本了换回,1
"被饬回,太好了'我会被小朋友吓死",1
好事情在我身上不会超过一天，真是太帅了,1
很好~我的小桃红净重.!!!!那我是要带个屁呀.....!!!!!!!,1
很好很好发烧了我觉得快往生了',1
嗯~~很好!该换设计师了!!,1
很好...竟然在胃痛...是叫我吃宵夜的意思吗,1
"很好,第八张!!!!!警察先生,你是不是爱上我了",1
太好了...我再作下去就能达到「脑容量不足」...虽然说服别人不是一件难事，但可不可以先搞清楚来龙去脉再叫我去说服呀.........,1
真是太喜欢台风野台去不了就连飞机也坐不成了。,1
很好我很有可能下午开始就不能上扑了,1
很好！这周明显感觉到期中报告压力降临，可是我还没ｈｉｇｈ完我的生日噢......,1
很好！睡不着就是睡不着，明天又想翘课了。,1
我真是太幸运啦！今天朋友抽签，竟然抽到里面最老的一位奶奶，８４岁。我真的是开心到不知道要说什么．．．就是傻很大～而且他又喜欢话中代日语，所以我想．．这次专题真的很有挑战性～,1
很好个噗浪~你可以在跑慢一点...,1
"很好工厂的厂务小姐已经来上班好多好多年了,跟我说她不会用发会议通知!!ㄍㄋㄋ勒!!来上班只会切水果有屁用喔!!ㄇㄉ!!妳的薪水也给我我就帮你发通知!!",1
真是太好了...我现在连都要做了,1
很好.....去面试试做的东西都做的很烂!,1
很好，原来不用到生小孩就有妈妈手~,1
听巧芳说我的笔电坏了，很好，车子坏了电脑也坏了，阿阿阿阿阿阿啊～～～哭哭！',1
很好，我真的感冒了我这周末要去玩的说',1
很好...好久不见的络枕,1
"很好,动作快就该死的原罪又出现了..最好是我有这么多只手可以做事!!!",1
真是太强了，跟组头吃那么多次饭都没有拿钱＠＃＄％＆,1
很好嘛！臭皮的上吐下泻好了，换我们当大人的！,1
今天真是太太太幸运了~在台九线上开车，大卡车迎面而来，不知从哪儿飞来一颗拳头大的石头，秒秒的时间，恰恰好直落在我的轿车车体上方!碰的巨响吓我ㄧ跳还好人车平安。,1
"昨天四点睡+今天早上七点半被小朋友吵醒,很好,老娘只睡三个半小时而已耶!!",1
如此早起真是太黯然太消魂，可是我是被逼的',1
假日、很好！去洗碗～～～,1
济州欧巴尚还真不是盖的~画的手势可是架式十足~~的欠揍,1
很好，我就这样把票根拿在身上超过一个礼拜，一直忘记要给小，更好笑的是，我们最近明明还见面好几次,1
很好我今天满堂,1
中午开三小时会议，晚上又加开三小时..真是太精实太有效率了..,1
很好~现在连霜涂上去都会浮起来..脸真的是有够干..,1
.....没关系...很好...你就继续吧....,1
官夫人霸王车挡路天刘淑玲：这是我第次这样做第一次这种理由还真冠冕堂皇....,1
很好......烙枕了的样子......我要死掉了........,1
很好，我忙了一天然后现在咖马又没有一百了,1
很好..生了个病卡马又掉的比体重还快了,1
很好上礼拜一整个礼拜都没有运动~明天开始继续运动,1
"很好,非常好!!!我的载点源头全被该死的挡光光了....",1
"很好很好,继被锁后,现在也锁了,所以现在只能在噗回话了~",1
很好!现在展览设计部由我一人全包!我干麻不干脆自己开工作室算了!,1
很好ㄚ星期一要报告的改在意思是报告要重写',1
大恶魔越来越严重，吐到胆汁都出来了!今早又去看医生，〝肠胃炎〞，很好，病痛越来越多!每天都去医院报到....,1
很好~昨天忘了吃药~今天耳朵又淹水了,1
报价真是太黯然太销魂了..........,1
很好！我刚才上楼去用老公的电脑，才发现「ㄟ～啥时买了？为什么我都不知道？」而且他还大辣辣地放在书桌上，不要以为一堆黑妈妈的，就以为我分不出键盘、萤幕和！,1
很好今天是小时的疯狂加班,1
今天总骑乘时间小时分公里平均时速.公里很好我累了*,1
"很好,非常好,公司把小时全面锁死了!!以后我只能晚上用手机艰苦的上探望好朋友们了...'",1
"晚上在学校拖地时,突然..!$一声,拖把断了一截糟糕,原本想说能赶快做做,赶快回家,结果却还是搞的很晚,因为另一支拖把久了硬掉了要泡水,所以我还是利用时间先洗洗碗囉!打卡钟：..嗯!很好!慢了两分!",1
很好！电话声．鞭炮声．机车引擎声..........接下来是什么噪音！！！！,1
很好~度完假回来，就遇到大婶耍白痴,1
问出去玩的事这么不想回答，很好呀！我也不是很想淌这个浑水！搞得我好像求你。!,1
张先生对我还真好啊~~一回家就有一桶衣服在等着我...,1
我刚看到我厕所有一只大蟑螂...很好~~我快疯了~!!!!!!!!!!',1
很好!基金就快跌破大关了,1
很好!一回来就事情排排站!让我看书先...,1
很好!有个小人儿四点钟就起来唱歌了,1
你很好阿！好不容易的一个假期这就这么被你毁了,1
很好很好，现在什么都谈不下来！还是觉得很累,1
很好脚痛完了现在变胃痛痛死好了,1
很好...又过敏了!!我明明就没喝牛奶~可恶!!发红又发痒~是想搞疯我吗!,1
很好~我又要小时没睡觉啦,1
'很好我私藏ㄉ免税菸都抽完ㄌ...我要倒在地上大哭一场ㄌ...失业ㄉ人一包九十大洋ㄉ菸抽不起...,1
很好!!刚吃完早餐就漏塞...又浪费食物了,1
明天做到位子上从早自修考到放学，真是太酷了!!!!!搞得像快月考这样,1
很好!就每次都.的加上去吧!!....反正我还有一个月的时间才要冻结,1
很好~上不去不爽去了.....,1
"很好~~主管叫我明天自己一个人去桃园机场接澳洲来的贵宾,挫咧但阿~~~",1
每天平均下降三度，很好...,1
很好玩了一晚上又忘了踩线,1
降吧!降吧!随便让你降吧!没发噗~~仅回应也不行喔!真是太不人性化ㄉ噗浪ㄌ~~,1
很好很好，破财了，修机车花了我五千多，码的勒,1
很好~又被电脑偷放绝技了...,1
好呀!!好呀!!好呀!!!太好了!!!,1
很好~~我发了这么多午夜咸湿噗~~我会下地狱了我,1
千错万错~都是灾民的错~政府已经做得很好囉!,1
很好!!!!!一早就不乖~是要我提前放假的意思吗,1
很好！星期六要去聚餐，昨天晚上才告诉我，某人真的是皮痒了,1
'很好!!!老娘我两支手机都告了!!!谁能救救我,1
很好~继陶板屋订不到位之后连金色山麦也泡汤,1
我居然一直以为今天是星期四..结果害我错过了昨天晚上的噩梦工厂..很好~以后哪位可以天天提醒我一下今天星期几呢我会很感激你的...,1
很好..我要变机器人了...因为我吃了广东苜药粉..',1
很好我刚才活生生把小摔到地上了,1
很好，我失眠了...',1
嗯哼...很好。我体验了的电击!!喔买嘎！～整个弹跳了起来！空白一片,1
真是太妙了，昨晚一夜折腾，完全忘了今早该去看甲状腺医生。没药了。太～～～妙了。,1
很好!难得的周末我竟然只能待在家',1
太好了....系办又多了一个姐姐时时逼我要用功了...,1
很好，同事拿了一个的档，用加相容开不起，用.也开不起，逼着我灌就对了！,1
很好，主管还是不可信的....,1
很好～这个台风更恶劣，看起来要直扑台湾了，最后一刻改变方向，原本所有的旅游计画却又通通取消，结果就是呆坐家里打～～～,1
很好！又来一个在星期六、日侵台的台风～,1
很好...开始下雨了!这是表示明天计画取消了是吗!,1
很好...继昨天的过敏~我想我又感冒了鼻水流不停,1
很好~~今天去海边带了一罐空的防晒油我黑了...',1
很好~就是要跟我作对就对了~,1
很好~真的证实了我们的是被给锁起来了!以后我再也不能再上班的时候「种田、养鱼跟开餐厅」了啦~呜!,1
很好啊~~…厂商打电话来说连镜头也有跑沙进去。是把我相机拿去埋在沙滩里吗？维修要花！囧,1
很好..我明明戒了..可是头又开始痛..',1
混好~假日要来当搬家工人了!!义气这东西...还真是逞强不得,1
很好~期末考还要考科...',1
很好，我胃痛了现在...然后一个晚上跟不少失联的朋友聊天，有我一直思念的，也有逃避的，心情五味杂陈，是好是坏',1
很好笑咩!再继续笑阿!,1
很好，刚刚才从公司到家，今天又是异常充实啊！,1
很好我的人生只有辣还有苦我要酸酸甜甜的爱!!!咦,1
"很好!本来想到公司避暑,没想到公司冷气坏了",1
很好，经过两天的尝试我确认公司的确锁了，看来要跟当好朋友了。,1
"很好,今天中午午餐又没着落了",1
看到一段新闻如下王郁琦说，马总统打电话的用意是希望把救援物资催出来，用更有效率的方式执行，请大家共襄盛举。.......很好...救灾用共襄盛举,1
早起，真是美好的开始~能够把洗面乳当成牙膏给它涂在牙刷上刷下去.....，真是太好了,1
台风肆虐过后，除了豪雨成灾，还有网路一直都是断的...＝＝很好...好不容易可以上...但是看着讯号灯闪闪烁烁...我有不好的预感...',1
很好~我吃饱了...现在很想吐,1
很好我老板刚来电说：明早八点前到台北京站门口“监工“，所以我明天要六点起床,1
'很好中秋节我家人都跑出去，家里只有我一个人，阿我的烤肉哩，我鼻要一个人在家,1
"大家早安!我从首尔回来了!!!很好很好~一趟员工旅行之后,我想全公司的人都知道我很难搞了...",1
中午休息时间想去小憩一下，竟然停电...热到睡不着。起床上班电就来了，电力公司还真贴心。,1
花了三小时候诊，五分钟看诊，二小时来回车程，共计五小时又五分，很好！,1
很好!!小要阿嬷不要我这个亲生娘,1
"很好阿!公司可以锁的外部网站全都锁了无名噗浪脸书雅虎购物全都要下班时间才开放,以后上班只剩福利课陪我了!硬是不要乖乖上班就是",1
"两天的假期就这样结束了,为什么放松快乐的时光总是过的特别快阿!很好~~提起精神明天一去公司又有着麻烦的事情要解决掉!吼~~天哪!我好想当各贵妇!哀~~可惜没那个命!'",1
很好，我的门禁卡真的不见了!,1
太好了有机都看不懂打副本去',1
才刚回到电脑桌前，就给我蓝幕当机...对我还真好啊,1
为什么家里跟公司附近都有工程在进行!我还真幸运!快发疯啦!,1
昨天回公司还真幸运，公车居然给我坏掉...而且还坏在离家不远的地方，害我拿着不算轻的...挤下一班公车,1
很好~一立方公分大的鲑鱼让我得明天早上八点起床挂号看医生什么鬼!!,1
很好~~还没七点~~~,1
很好~~最好都给我这么晚才让我离开,1
很好...还是喝了友露安...我又输了...马的马的马的啦...就是戒不掉就是戒不掉...,1
很好！原来都没处理好.....,1
很好十二点了...真难过最后一个夜晚却是这样的对待,1
很好，拉到小腹都平了......',1
台风变强了~很好~!!,1
为什么放假.我要当司机.不然就是苦力.....老爸也太会规划了吧!!!.....,1
很好臭老鼠你把我的柿柿如意吃掉了..我要放老鼠药了我跟你说ˋˊ,1
很好阿...我的被封了....',1
很好！我的左眼获得急性结膜炎,1
我这么热心切蜂蜜蛋糕给大家，竟然有人说，怎没有一杯热奶茶。很好，你的要求越来越多，也不一句谢谢就好。我不是大家的下午茶精灵!!,1
这星期要生出份作业!!太好了!!准备受死',1
"很好,我现在有轻飘飘的感觉~",1
很好，我刚回到家，等等要线上补课，就这样,1
很好!!来维修电视的维修员说这修理起来要花万多这还不包括工资ˋˊ是啥鬼东西要这么贵ㄚ!!!!老妈说不修了~没电视可看了,1
无名打到一半当掉....很好...不爽打了,1
"很好~卡马跌到以下,我果然只有三分钟热度!",1
很好！这么晚了还有客人来，我赶不上的火车了...,1
很好~又开始头痛了!!,1
很好~今天继续加班到爆!!,1
"本以为是小感冒,但昨天去验血竟是呈疟疾阳性反应,没想到我这么快就中标了!非洲大陆也太特别眷顾我了吧!",1
很好!现在女儿会管妹妹了......,1
很好....死台风我们认输了垦丁延期了辣!!!!!,1
刚去看医生回来。很好，我又感冒了。,1
削个水梨想吃，妹妹来个暴冲突刺。很好，刀子墬落，我，挂彩了。',1
开始当机就是惨剧的开始...很好，我终于跟上流行...三红了......,1
放假过的还真快..接下来又是黯然销魂的五天了..,1
好样的~这么夭寿的....黑心养乐多还真敢卖,1
很好...日月光踏码的连给我锁了,1
很好，被削了。有一种要全部重做的感觉。,1
离期中考的日子就不远，还有一堆该读的东西都还没作读书计划，很好!每次都是考前再来冲刺的。还敢说!,1
"很好。今天整个睡过头,还被小人儿骂臭头...",1
很好~第一次铁腿就给我踵到像小象腿~~~痛阿铁腿',1
!月的第一天就迟到!真是太好了,1
很好我的手腕隧道症又发作了干,1
很好~头真的在痛了,1
很好！！给我庄笑维就对了..什么鬼理由,1
很好。因为刚刚太...我现在超饿的、要吃顿好吃的来安慰自己。,1
风雨这么大台北居然不放假，上下课骑车全身都溼了!!!很好~~~周锡伟年底你拿不到我的这一票,1
公视世运转播....讨论区有水准的人还真不少!,1
很好差十分九点我才刚到家,1
太好了！我眼镜真的掉了',1
"捷运内湖线的车厢,还真是小巧可爱啊~",1
"很好,头开始痛了!非~常~好!",1
"很好~公司又把部落格,噗浪跟脸书全挡了!",1
很好!!好样的!!好久不见的蠢生活又再现,1
很好我他妈的又发了个忘记附件的信出去都不丢脸,1
很好今天一早去电脑就挂听说是整个硬碟都废了得花大钱抢救囉~~不过...即便没有电脑可用也可以这样庸碌地过一天啧啧今天竟然点才离开公司,1
很好，团购了一个可以拿来浇花的、可能会摔破的、大陆制的自行车水壶,1
哈~很好!!没东西可以吃~来去吃仙草好了!!待会认真去~,1
我的电脑与踩线机制无法相容，分前发的讯息现在才出现~~很好很好,1
我真的很生气甚么叫做故意要让我掌控让我了解......很好....礼拜四我会生病请病假的...我现在真的一肚子火,1
很好~~变脸跟翻书一样~~这就是男人~,1
很好，体能衰退了，每天跑还居然体能衰退，可恶,1
那些阿都阿主管有没有这么好干阿，你们母公司来稽核，去的通通是主管，我们部门你要我一个小小助理去挡!!很好，接着我得到的回复是最清楚的就是处理人员，然后所有表格通通丢给我填，然后填完回出去，又说还要他同意。是怎样，阿不然资料通通丢给他填嘛，奇怪勒，丢给我干嘛。＝＝凸,1
很好我快挂了...同事突然丢了一个震撼弹给我...要我帮他查一个我完全没有印象的...还说他甚么都不记得只记得案子是交给我的...甚么都不记得干麻偏偏记得是丢给我的...'完全没有印象...,1
，约好的结果没有一个人能去，很好。,1
很好，我想真的是感冒了~,1
每天晚上都这个时候出现~我的噗友却都在忙...我还真没空耶~,1
公司外面狂风暴雨我的安全帽又外挂...很好~准备养金鱼了~,1
"很好..左手举起时,有点痛!",1
很好!一颗馒头从早吃到晚!,1
很好..也轮到我上不了了...,1
"很好...在南台被老师ㄠ就算了,还被厂商ㄠ...还被呛声现在是怎样!!当我比较细汉就对了!!",1
拉拉山还真不是普通的近，尤其周末走走停停大塞车！还好有水蜜桃可以补充～,1
很好，我的手机充电没带，这礼拜不用开机了,1
很好！第一次开会就给我开到十点五十。',1
太好了～终于要再一次接受漏水测试了！,1
很好....连喇叭都坏了,1
很好假期又过了一天.....',1
很好..今天被发了冷落卡...感觉真不好..',1
房间温度度，很好，该闪去外面的图书馆睡觉了,1
太好了~又一次没带钥匙被关门外+还是楼下好心人帮我开,1
很好~~很好~~刚刚收到一颗红色炸弹~~~~大家都去结婚好啦......,1
"疫苗青壮年没得打,过敏者也打不得,喔这真是太好的疫苗和政策",1
带了相机欢欢喜喜想拍照却漏了记忆卡，你说这人是不是脑残到极点...很好这就是在下本人囧,1
很好...我突然想起来..今天没带雨伞！,1
很好～竟然挑我发薪水那天预购......好样的阿！！！,1
很好~台风来~客户电话也一直来~打去问新竹和大荣有没收货!它们的回答是有收货~但是送货不一定!!!呼~但是还是要上班啦,1
太好了~我周末行程排到,1
而且礼拜天做激烈运动真的事太好了阿!!!!!!游泳也撑不上什么激烈运动...但是隔天四肢酸痛阿!!!!,1
很好，又解散了.....,1
很好这两天高温搞的硬碟都过热当机还要弄个电扇给它吹...测试中,1
很好...我的荣誉假就要贡献在我的睡眠上了,1
很好!!!我抵抗不住鸡排香，我要去买派克了!!!哀~~超没定性的我!!!明明刚刚还过店门而不入的!!!哭哭',1
很好~转转猫现在每天的清醒时间是~半夜点半点~~要命喔,1
很好，熟悉之后通勤时间缩短了一点点。恩，真的只有一点点,1
早安噗友们我感冒了，一醒来头痛鼻塞喉咙痛都来了...真是太好了,1
昨天真的很倒楣。洗衣机又来乱，搞了很久之后只能手洗+我猜可能是中暑所以不舒服+半夜两点被自己的脚背叛来个大抽筋。很好，这一切一定都是家家上次诅咒我的结果,1
很好，$的眼药水这次只活了两天。,1
很好！！又要马儿好，又要马儿不吃草！....,1
还原到一半跳电~很好~,1
超酷的吧!!一张底片要几块钱..还真是烧钱啊!!,1
很好慢的越来越酷了很好,1
太好了~我居然无法回应看情形只好急流涌退，各位晚安，要乖乖睡觉唷!,1
很好，到公司上班五年后的结果是....我的过敏从头顶发作到脚底,1
刚刚一位妇人开着休旅车经过我家巷子..技术很好..擦撞台机车..倒下来撞到我家隔壁铁门..害我吓了一大跳..要去收惊了,1
很好....煎包里面有头发....,1
很好，第一天就得面临在家加班的情况，看样子这一个半月日子不太好过了...,1
一切都是这么的衰「莫拉克台风路径南移可能直扑台湾」很好星期五跟星期六的约会得取消,1
很好～完全自己都没有回应～白目中的白目,1
太好了～昨天又失眠了....有点紧张年多没见的朋友选在今天下班相见...脸色这么难看怎么见人阿.....太好了太好了,1
很好非常好.....,1
很好很强大...骑车骑一半给我爆胎卡在路边浪费了快一个钟头...,1
很好老师都去死,1
很好阿再继续阿~现在连影印机都坏掉了!大家一起罢工是不是你们不怕我把你们给了资源回收厂把你们分解掉吗现在要换谁罢工相机手机都一起来阿~~,1
我终于知道了!!难怪会下降!!有人把我当实验的目标..很好!!,1
"今天早起,比较早去公司,然后运气还真好...居然撞车了",1
太好了～刚洗完车～准备出发去台南～天空开始飘细雨～真的是太好了！！！,1
原本想睡的.看到麻辣天后宫在说减肥的方法.精神又给它来了~但是吃蛔虫减肥也太...好喔~,1
很好!!我竟然把相机丢在医院了....,1
"很好嘛!开起来一看,竟然给我插而不是的记忆体",1
很好，至少两边轮流痒!喔~我的眼睛',1
的卡~~~~很好!!!,1
很好!!又是一个没心情培养休假情绪的礼拜五!!下午还要去场布+采访...然后明天得凌晨五点起床...我的天呐!嘉义人真幸福，有免费的身体健康检查可作...,1
很好....我的牙龈缝合伤口发炎了...原来用手摸才知道线头这么前面根本每天刷牙都会被我扯到每天晚上都很痛消炎药吃完了都没有好一点现在是要怎么办....呜呜好痛,1
今天一度遗失皮夹......回来只剩抠..是留给我坐车钱吗!还真好心,1
自己很北七，恍惚中的我因为懒惰转个方向，所以被保鲜膜的刀片给割了..很好!还是前几天自己下来的..唉'鲜血就这么冒出来了..,1
台南市突然豪大雨...骑机车等红绿灯的我淋了一身...从头溼到脚...很好...上帝你很爱开玩笑喔...专挑我没有带雨衣的时候...,1
有人吃过鲔鱼罐头里面的鱼鳞吗很好...我可能是史上第一位,1
我不得不抱怨华硕的品质实在是太「好」了。我现在居然需要垫著冰枕在腿上，上面架著华硕的笔记型电脑，这样无线网卡才不会过热。他喵的真是太「好」了啊!,1
很好!!老板刚刚宣布明天强制上班，不得放台风假!!,1
正在看大话新闻~我只能说~我们的政府实在是太好了点！！！有时间去看新闻，没时间去防疫~生气阿~~好烂~!!!!!,1
还真的自然醒!!!自~~~然~的~被对街的阿桑的鬼叫声吵醒~,1
很好很好～进口都丢过来吧～该死的王八蛋,1
两边跑居然今天新竹那边还打电话跟我说下个月要排我留守，还排了天，很好～那我每个星期四、五都排补假好了,1
终于租到世纪少年!!!!!!!!!!!!!然后又跟家里吵了一架!!真是太好了阿,1
晚上换手机囉~~山猪希望我换新机~~旧机给他用还真是贴心呢~~,1
很好嘛昨天说不用发布紧急命令结果今天自打嘴巴了开国安会议已经来不及了如果人民的动作都比政府还快那还需要政府做甚么真的已经变成政治学中定义国家政府尚未出现的原始社会只能自力救济吗,1
很好，今日新增工作经验是帮人撑伞,1
很好~继抽油烟机之后，今天是去撞烘碗柜，下次煮菜戴个安全帽好了,1
很好....晚餐明明吃火锅吃的很饱...现在我又嗑完七颗水煎包....,1
练唱搞乌龙，据说身高约公尺高的熊大脑才一丁点儿；那身高不到两公尺的熊大脑是不是可以省略连曲目都搞错，很好很强大...纯抱怨噗！补一个帮我骂凹眼熊,1
嗯，很好，电脑又坏了......,1
很好，有人很爱侦查我的三城，一直让我侦查骑全军覆没，被我知道是谁绝对压爆你,1
"老板说号一定要,下面的说他没空~很好,那就老娘自己做",1
的隐私设定做得还真不赖！一定非要+为好友才能看得到对方的资料！,1
准备去黄昏市场采买晚上煮鲜鱼粥的材料。结果这时屋顶传来~啪答~啪答~的下雨声...很好！『雨女』的封号果然不是随便取的。,1
很好竟然到现在都还睡不着!,1
很好!!头痛了~,1
很好…印表机大概又要挂了...,1
喔～真是太好了！你们这些澳洲来的客人可以在澳一点谢谢指教！！！！,1
很好！到今天下午四点之前都要自己面对资料库！然后只有两个小时对答案就可以下班了！,1
很好！到今天下午四点之前都要自己面对资料库！然后只有两个小时对答案就可以下班了！,1
"是不是没有选取多封邮件的功能如果是真的,那...就真是太神奇了....",1
很好，整个提前到两点，要去跟主管讨论让他给我大提示，帮我在大主管面前有更妥当的表现~很ㄔㄨㄚ',1
很好!!!!还没五点我就肚子饿!!!!,1
今天的跟狗一样.....星期一大家去远企开会吃高级八肥，老娘却也还要留守疯狂处理急件~~很好,1
很好，我的电脑又挂了...',1
太好了，新有可能在运送过程中底壳就被敲到变形...',1
太好了！连都发作！,1
元智的信箱整个瘫痪数天，今早一打开信箱才惊觉...空的真是一干二净...资服处你很好...,1
"很好~我的硬碟又挂了,两年挂一次,北投的硫磺真的会害我破产",1
正是风和的午候啊~~~又不是在省道或沿海公路飙车，风也太大了吧，风飞沙差点把我弄瞎,1
今天去打球打到眼镜镜片掉下来，回家途中车子还抛锚坏在路边...真是太幸运了,1
很好!头发完全变咖了,1
很好我弟的女朋友来了看看我要怎么对付这样的状况....,1
早上九点起床，九点零二分出门，九点零六分在大马路上狂追公车!我的一天的开始也太精采了一点,1
很好...点半才好不容易睡着睡的有够滥的...七点半就醒了...,1
"很好!!根据最新出炉的值日排班表,我的下一次值日排班就是我生日当天",1
很好呀～出去玩是吧！！点没到家，门就反锁了！嘿嘿,1
很好!!现在俺起床都不用闹钟了!!因为隔壁的工地他妈的吵得俺睡不着觉!!!,1
很好!我有一堆书和一堆过期的日剧及电影等着我去看',1
"很好!!!!淡水有.度,我就不信今天没度!!",1
很好，现在我的进不去了!!,1
很好。在我花了个小时完成一份报表之后，杯杯来说：「昨晚伺服器当机，资料不完整。」真‧是‧太‧好‧了！,1
....月日水患第一天百姓最需救援的黄金时刻，军方投入的兵力仅有人。只能说这个数字真是太黯然、太销魂了！,1
今天七点半才下班~很好~~祝你考试分~,1
很好脚踝扭伤比想像中的严重宣布进入天伤兵名单谢谢阿巴背我走了一段路育宏的便车以及猴子的冰块',1
很好~夜骑完猫空~体重有增无减!!!,1
高雄的雨最好可以再大一点啦你们看我来买条船怎么样,1
今天走啥运阿吃个饭而已也狂遇到还真是精采的一顿饭害我快没胃口,1
..国道擦撞下车吵被撞死可以再白烂一点,1
你们可以再过份一点没关系啦~我才说洗手不偷了~一堆人的农作物与贝壳就都不收走!连动物乐园的一堆蛋也没人捡!现在是怎样啦~警告你们!不要逼我重出江湖喔!,1
我.生.气.了............没关系!结局可以再烂一点...!,1
日本行五天，只去了两个主要的地方还真充实,1
早上接到一通晴天霹雳的电话!组长说号开始实施无薪休假!喔!假日加班兜换补休了!现在又来无薪假!真是太棒了!,1
网路可以再慢一点呀..没关系呀...,1
....不满同学国二女生在全班午餐汤内放泻药！现在教育是怎样，可以再夸张一点没关系,1
哼！期中考一堆资料一堆报告！可以再多一点呀！真是气死我也！,1
的双竟然没有收录...真的太好了...又害我省钱了,1
很好~~我又被冻醒了~~大家早啊,1
很好~~已经有超过个人直接跟我说我变胖ㄌ....表示我真ㄉ该注意了',1
"好,很好...果然还是要重做...翻桌'",1
今天的突发事件可以再多一点没关系。,1
这周的假期又过玩了...很好我还是在乱乱的房间里...找地方睡觉...,1
雨可以再下大一点呀!!!到底为什么我要穿雨衣湿到内裤去了!!!$*,1
今天去的那家地板可以再黏一点，我鞋子都不乖乖待在我脚上了!!,1
嗯~~很好!!明天星期一吔~~目前下大雨中，不会一路下到天亮吧~~~,1
很好很好~~~请叫我龟毛琦琦，把整烫好的又拆了，只因为他在照片看起来有点小歪~~~,1
老板才一进门~~就很好心的塞了一堆事情给我,1
那位苏菲小姐，你可以再机车一点没关系囉！,1
你可以再一点,1
可以再难沟通一点啊妳!!!!!!!!!,1
社会可以再肮脏一点,1
我们两兄妹会不会穷到疯掉哩....现在明明才月初...嗯!!世界真是太美好了...顺便减减肥...'敬请期待,1
"李佩如,你态度可以再机车一点!!",1
衰的事情～可以再多一点没关系,1
今天中午看到麦当当人很少..所以就买了大麦克餐回公司吃..拿回来后发现..你他的..薯条可以再给我少一点..,1
我可以再忙一点...再乱一点...再忙乱一点,1
新版下载可以再慢一点!都快一个小时了还没完是怎样....,1
才想着要出去...就下雨了..老天爷也太厚爱我了吧!!,1
累了~~~花了一个半小时从科技生活馆走到明湖路~~我真是太厉害白痴了!!晚安~~~,1
!!!!!!!以往需要一个多月筹备的东西~现在两个星期就可以解决了~只能说你们真是太有勇气了!!!!!',1
、做任何事情或决定，一定要有为什么吗？？、学校网路是可以再烂一点！一部好好的电影被当成连续剧在那边看，惊悚指数瞬间低到破表！,1
刚不知道是我听错还是怎样！我是现在行销部的代理！！马斯特也太看得起我了吧！狂派走了我们部门的代理不是马斯特吗？怎么变成是我啦！什么毛病啊~~~,1
从点起床开始，除了半小时去诊所换药、一小时的早餐、两小时的晚餐时间外，竟然都在写，我也太勤奋了吧!其实是死到临头了,1
....穿胸罩被打理由是诈欺这也太屌了，那些男人是在愤恨不平甚么劲啊!,1
拜托，公司的网路可以再更慢一点啦！慢成这样到底是怎么一回事？！没钱升级吗？！,1
同学你也太积极…,1
共用影印的电脑可以再慢一点阿~,1
蛙哩咧，的整合可以再牛步一点，为什么开的时候一直出现重新导入次数过多的错误讯息，或者根本连不上去，清掉也没有用啊！！！,1
我今天真是太了...又来一张异常...,1
下午两点半就关门!妈的中国领事馆你可以再懒一点!!,1
那扇门是怎么一回事.....大家可以再关用力一点....,1
天天有惊喜必死无疑不也太难了完全跟不上阿',1
电脑可以再「快」一点～～～,1
右脚又肿又掰咖，左脚刚撞到门指甲掀起来。我可以再粗心一点，想把自己打昏！,1
鸟事可以再多一点!,1
很好...作业交出去了今天还要看篇的写评语，明天英文课要交,1
苦恼阿!!辣椒真好吃我的脸可以再烂一点...,1
雨可以再大一点...我真的一点都不介意!!,1
..这...可以再扯一点，真的有人会信吗？这么粗糙的动画,1
龟毛女你可以再三心两意一点,1
可恶!!亨宇被打了我斜后方立刻传来一阵叫骂..然后我姐转头看到这画面立刻干谯「亨宇被打了！干！」→你可以再没水准一点,1
"昨天澳币换台币在超级低点,今天澳币又涨了耶!!我换的点也太赞了吧'",1
"开心农场让我一点也不开心,你可以再烂一点!",1
周旋在厂商.小老板.厂长...可以再机车一点..已经忙不完了..还来乱,1
芭玛加上米勒双台效应...再加上东北季风共伴效应，还真嗨啊',1
"亚洲第一名台湾的骄傲!!台湾失业率.亚洲最高,主计处认为，八月份的失业率接近高峰，九月起有下降的空间，主计处可以再无耻一点",1
联强系统可以再慢一点没关系,1
正在新竹活动现场，学校场地麦克风可以再烂一点，讲师都快没声音了...,1
中秋节前要扛着十公斤的筊白笋回家，真是太酷了,1
看了新闻画面中被救的尼姑~~怎么一点都没有灾民的，还大包小包的还有旅行箱，真不知道你是逃难还是出国新闻报说是经书，你们不知道少了你们那些书可以多载几个人出灾区吗~~出家人经书比人命重要~还真是特别,1
今天天气未免太好了吧万里无云艳阳高照…我不喜欢因为等等要小外出一下~不然会变阿宅,1
今晚应该很好睡...,1
很好，县府把脸书锁住，不能开了,1
很好~~~以为小山慢慢矮了~~没想到~~真正困难的才要开始~~~~~我不想做彩啦~,1
自己很北七，恍惚中的我因为懒惰转个方向，所以被保鲜膜的刀片给割了..很好!还是前几天自己下来的..唉'鲜血就这么冒出来了..,1
分钟后就要开车去台中..又是一件被凹的事情....我真是人太好吧...',1
....你也太早讲了吧..明天就要缴论文计画书+核研所报告+书报报告+作业,1
喝喜酒这件事...真是挺累人的...吃完饭到家都三点多了'沾沾喜气是还挺开心感动的啦...只是这两个月就红色炸弹五枚ㄟ...也太酷了点...,1
"电影台也太应景,在鬼月不断播放惊悚片是怎样!'",1
东星大楼选在农历月落成，难道不了解台湾民俗吗盖了年，他马的也太利害了!,1
一点沙哑在带点鼻音...我的声音真是太有特色了..'苦中做乐,1
从早上八点忙到晚上九点半，真是好样的,1
又要帮老婆和个小鬼头买晚餐了，真是幸福！,1
今天真是运气好到爆耶!!!早上骑脚踏车出去爆胎爆前轮...晚上骑摩托车出去爆后轮...真是好样的!!!,1
满一个月纪念日吃饭，喝到酸掉的玉米巧达汤，喝完才知道是坏的。真是有纪念到哦!!!',1
开个爱之味脆瓜罐头盖竟然可以伤到小姆指甲…杰克，这真是太神奇了波波波…的流血,1
星期一真是充实阿'连的时间都没有,1
昨晚不好眠..一直醒过来就像没睡一样...早上出门前还吐了真是太惊奇的一天,1
人家在工厂如火如茶...有人没有交代一切就放大假...真是富有责任感丫......真是一点也不意外...,1
"对人客气，结果被婊，很好，要玩一起玩！,",1
冬天到了，我的可以当我的电暖炉，真好,1
下周回工作岗位就要面临台风威胁~天啊~你对我真好啊!,1
能够天天出错也是一件了不起的事!!!,1
马的~逼~综研所了不起~你的发票又不是我开错的~帮你查谁负责的，又在那说难不成你们开发票的人很多唷~：对，我们有个~,1
装冷气是很伟大欧，态度超级差，不然是不想做生意了吗超级机车的家电行，机车,1
哇~~~压力真的大到夸张~短短的分钟午休~竟然也可以梦到伟大的许处长又想把新工作丢给我了~然后试探性的问我~想不想做些新尝试~~~于是我再也忍不住~一口气的把我的不满全部倾泄而出~然后午休结束钟响~就醒了....,1
生气！！美国带骨牛肉、内脏、脊髓等这类的进口是非同小可的，只有南韩这种需要看美国脸色的国家才会不设防地开放，连咱们的祖国也拒绝这类谋财害命的事情。结果，有种拒绝军购，却没种对美国！？唉，伟大的总统只关心他的值捏......,1
国泰卡..你了不起!我月月刷卡消费~竟还跟我收大洋的年费!该考虑是否剪卡了我,1
哇！好饱好饱。办公室里业务讲经济政治讲得天花乱坠，自己的人生弄得乱七八糟。那么伟大，先把自己的事做好好吗？,1
国外唸到博士的老哥整天迷…人生走到这囧境他也算了不起…,1
每个人都知道.死猪死鸡没处理.肯定会造成传染病会瘟疫..伟大的马政府到现在都还不处理.是怎样!!要变相图沙南台湾的民众吗还是南台湾的票比较少..多死几个也没差..都说是灾区了!!灾民哪有时间能力处理这些尸体..还口口声声说苦民所苦!!哇咧看看看!!,1
老天..我终于可以好好波个噗了..祖国的河蟹计划真是太伟大了',1
半夜睡不着觉，来歌功颂德一下咱们伟大的政府是「贼」。,1
"月失业率荣登亚洲第一名,马统又一伟大政绩!",1
我居然睡到落枕!!!!!!有够了不起,1
"一个国家,两个世界,骇人的南台湾水灾,而我们伟大的中央政府ㄋ,为我们做ㄌ什么,马英,刘兆漩堪什么灾,只不过又做ㄌ一场秀",1
明天要在台北吃谢师宴囉!劲桑还真会挑地方..,1
如果是假球的话也太精采了',1
陈有美...你可以再坏一点!!!,1
"居然拿到机王,运气还真好...明天又要跑一趟,真麻烦",1
归档花了我两个半小时的青春......效率可以再差一点没关系,1
可以再忙一点这周,1
银豹小姐你可以再过分一点，每天考张大张考卷，辅导课被你强来上国文+考试，挖勒!!!每天都有你的课还不够ㄚ!!!!!,1
本公司可以再混一点没关系,1
品冠旅行社你可以再夸张一点明天早上就要出团刚刚才通知要改班机是逼我们要改找光良旅行社办吗,1
不顺不顺不顺...可以再不顺一点!,1
好样的~这么夭寿的...,1
鼻子过敏可以再包多一点馄顿没关系啦!!',1
姑妈还真会挑时间来ㄟ~~,1
开心农场你可以再难连一点没关系啦~~,1
是怎么了工作没心生日吵架你们的生活也太精采了吧...,1
!!!刚才剪了头发，设计师的态度可以再差一点！,1
太好了！变成的分公司什么时候会反客为主呢？,1
天气可以再热一点没关系~,1
"太夸张了太夸张了,我连睡觉都梦到老师再改我的橱窗设计!!可以再烦恼一点没关系",1
可以再烂一点!,1
今天一早就遇到莫名其妙的早餐店先生，做生意还恍神喔!~真有你的阿!是嫌我久没去光顾喔~你可以再给我放空一点，还给我一双断掉的筷子，真是...,1
痞痞剉北佛现在竟然跟纽约一样冷，度真是太了不起了...,1
很好！我的左眼获得急性结膜炎囉】,1
很好阿...我的被封了....',1
学校的网路今天你可以再慢一点!!,1
更..学姐啊..你可以再瞎一点,1
我要疯了可以再给我烂一点没关系阿!,1
.....没关系...很好...你就继续吧...很好！原来都没处理好.....,1
我今天又混了一天，计画中要看完书结果没看，要弄完早餐店也没弄，唯一做的事是把印表机买好装好灌好，还有把游戏和文爬好，我可以再混一点啊,1
...你的字可以再丑一点..写什么鬼东东阿!,1
斑斑妳的毛可以再多一点...,1
天啊我可以再不细心一点!!!!,1
可以再衰小一点雨衣被偷走、轮胎被长钉字刺破！,1
散步到一半突然下起雨，抱着小肉狗离开公园却发现只有公园那一块下雨，运气太好了…,1
可以再贱一点～硬要我安装新的才让我登入！,1
：「这雨也太销魂了吧...可恶，看来今天要出门上课很拼了...」,1
很好很好，破财了，修机车花了我五千多，码的勒大楼还真是一个灰...,1
死管理员你可以在把住户的问题讲得再事不关己一点没关系,1
上下班的时候才在飘雨也太神奇了吧!!,1
腰好痛!!!!早上刷牙也可以闪到腰，我真是太强了,1
维修工程师你可以再混一点啊...风扇上面已经贴了注意事项，还可以给我装错方向...,1
"相机原厂送修半个多月,今天才报价,效率未免太好了",1
"啃!!明天居然要上班,老板你的员工福利还真不错",1
贵公司的换班系统可以再更烂一点每次秀出来的班都是不一样浪费了我好多时间在去重新整一次网页ㄎ!!,1
坐飞机....真的很累贵公司商务舱的椅子可以再更烂一点!!,1
生活可以再苦闷一点没关系!!!!,1
北区和方案九薪水重复领取？可以再麻烦一点没关系,1
自己的作息可以再夸张一点...,1
"扰人清梦到令人发指!!!是哪个神生日吗迎神什么的就不能有点公德心晚点放吗喔很好,点了继续炸吧炸吧炸吧!!!到底为何故要放鞭炮气死!",1
中午吃饭点餐都要等半小时服务还真是好阿,1
"美股,你可以再软一点....",1
今天评鉴我又被抽到去访谈了，大三的时候也是被抓去访谈，真是太幸运了啦',1
...你可以再机车一点竟然给我在客厅乱大便..,1
挫赛~翻了好久~还是睡不着~很好~我失眠了,1
三立可以再不专业一点啊!,1
外面的太阳可以再大一点没关系，反正我已经黑了，只是我不想自焚啦',1
这些公务人员可以再脑残一点!..今年月出生的许姓男婴，本月日爸爸帮他到银行开户，但行员告知：「你儿子被列为『警示帐户』。」无法办理开户,1
公司的冷气可以再冷一点嘛!是把我们都当御饭团坚持度吗、,1
问出去玩的事这么不想回答，很好呀！我也不是很想淌这个浑水！搞得我好像求你。,1
"刚刚中银来电推销储蓄的意外险,说什么缴年后可以不缴还可以保到年,如果中间缴不出来可以停缴两年.最好可以再没道德一点啦!骗人不懂保险呀",1
今天可以再热一点,1
天哪~~度!!可以再热一点！最高度吔！烤焦了！,1
厂商你们可以再塞多一点书来没关系，最好是每本都这么会卖啊！,1
太好了，没有车可以骑，要走路去看牙医了。,1
我拍照可以再随便一点!!!,1
头等ㄉ客人你可以再贱一点当着我的面把餐盘丢在地上说很难吃麻烦你收走我还要蹲著清理地上ㄉ菜渣....火大,1
准备倒数最后一天囉就要归队囉!!还有某人你完蛋今天狂欺负我是吧还联合他人一起你很好,1
你可以再宠女儿一点！我不知道还伺候小三生整理书包起床穿衣会有甚么后遗症，不过，我想可以不用期待这个小孩往后会有甚么成就了！,1
天丫~我第一次听到普渡要自己带东西来拜耶~算你狠~可以再本土一点丫~~~,1
你们这群人可以再被动一点,1
很好新任务失败~',1
汉堡王那个人龙可以再长一点没关系..,1
网路啊~你可以再怪一点在慢一点没关系,1
可以再机车一点,1
今天到了养老院..早上帮一个老爷爷按摩身体..下午有个社工叫我唸报纸给另一个老爷爷听.我认真念完两则新闻.没想到~老爷爷竟然叫我闭嘴...可以再瞎一点没关系,1
"可以再热一点啊,,,再热一点啊",1
台北中山区的房东可以再跩一点没关系,1
你可以再混一点没关系...,1
常常午休起来头好痛，今天吞了一颗普拿疼还是好痛，我的身体可以再烂一点喔...,1
以为订的是晚上七点半回新竹的票，七点在自动售票机取到票才发现是晚上八点。特地再到网路订位取票的窗口问可不可以换到七点半，结果票务人员发现我订的是晚上八点从新竹到台北的票。我真的可以再天兵一点。。。',1
ㄧ个人住旅馆也太了吧,1
太好了！第一次碰到关厂，老板跑人，拖欠工资和社保金，看看这个烂摊子会发展到怎样的情形。,1
越晚越冷这天气真可以再诡异一点,1
这是甚么鬼天气，真的可以再烂一点没关系,1
我可以再笨一点,1
"我真的觉得是廉价品,鞋子和礼服可以再丑一点没关西",1
可以再乱一点没关系!!!你门怎么吵都没关系...请让我顺利让分行开幕好吗,1
公司电脑~真的可以再烂一点啦!!今天网路也爆慢~是怎样!!,1
公司电脑~你可以再烂一点没关系,1
杂碎袋也太早了吧!',1
那个谁谁谁你可以再偷大一点没关系～我下次就要公布你姓名了！！！,1
今天一整个快发火了...你可以再皮一点...,1
"ㄇㄉ,秀玲可以再更会推一点,看!",1
你可以再热一点!!!!!!!!!!!,1
最近真的到了一个境界了，结果还是没噗私密噗可以再忙一点,1
可以再热一点啊！难道我们现在只能待在有冷气的地方!,1
要也太幸运了吧~第一次的数量那么惊人',1
"叫一个一句日文都不懂的人跑去日本看展,然后拿一堆天书回来叫我翻译而且还是照片没有档案!!!你们这些人可以再脑残一点...",1
可以再困一点…,1
哈利可以再难看一点没关系....还有乐声是在节能省炭吗..冷气也不开大家看到一身汗出来第一次觉得夏天室外比冷房还凉,1
可以再白目一点,1
"迎新迎前训可以再烂一点,还要交元,",1
晚上的餐城可以再难连一点没关系,1
我说啊～你可以再一点没关系呀！！,1
公司信箱可以再烂一点.....,1
"我的时间就不是时间吗？我也需要好好休息吧,你怎么知道我在牙科那上班不累,你很好,打算以后都叫我两边奔波是吗,薪水又没多给到哪,区区那几千,我才不要'",1
来我家装潢的人你可以再白目一点没关系!!你下午不来没关系，换我晚上到你家找你!,1
早安一早起来就度呵呵呵~你可以再热一点啊希望大家今天一切顺利吧!!!,1
的速度可以再慢一点阿!!!!!!!!,1
最好台风都是周末来啦!怒!!可以再热一点没关系啊,1
你可以再降快一点，没关系,1
去花莲泛舟很好玩！因为喝水喝到饱‧‧‧‧,1
可以再无聊一点,1
进入九月、第四季。是忙碌的一个月和第四季。可以再忙一点～～',1
市府发言人真是太了不起了，居然直接说，故障频传，跟市民也有关系，是已经在胡言乱语了吗？？,1
我妈来家里看瓜瓜，抱着瓜瓜自言自语：「来...看看你妈种什么花？~ㄡ！干燥花耶！」对对对，可以再用力亏我一点！,1
可以再难用一点啊,1
的可以再衰一点没关系...,1
的开心农场可以再丑一点没关西，搞得整个不开心了起来,1
！楼上死小孩走路可以再大声一点阿！最好踏破天花板好了啦！,1
可以再倒楣一点最近真的是诸事不顺,1
可以再热一点~~~没关西,1
真是太棒了，我鼻翼的脱皮可以再夸张一点没有关系呀,1
今天又是哪位伟大神明生日？外面砲声没停过,1
台湾正式进入政府一言堂的时代：伟大的卫生署长杨志良昨天表示，「不专业」的人不可以评论卫生署疫情,1
客服非常差~要退换货都要到台北总公司喔!而且打过去客服那边的小姐会跟你说，可能要「等几天！」才可以知道退换货流程！「等几天！」让我想起伟大中华民国政府世界级的行政效率！,1
伟大的祖国只有阅兵太逊了，人家美帝都直接开到人家国家里火力展示啊,1
砲友~原来~也可以解释成这样!!伟大的教育部真是了不起!!既三只小猪是成语之后我在一次配服的五体投地...,1
"ㄟㄟㄟ...亲爱的同事们,不是只要是讲英文的电话都转到我这里...也有其他外商公司跟国内业务买零件滴...变成我好像是英文的接线生传话筒了...",1
亲爱的骑车大婶，可不可以麻烦你不要在路中间慢慢骑，要左转也不打方向灯，在后面的我可没有第六感能够预知妳要左转,1
"亲爱的邻居我知道你长期卧病不舒服,但也别在半夜嘶喊巴豆么",1
中秋节收到的大礼是.......长了一堆肉,1
"虽说是邻居但也要懂得基本尊重吧!隔壁大姐把车这么大方停放别人家前整夜,让我进出不得就算了~让我停对面停车格还被球这次我忍不下了妳对邻居那么不仁~所以我也好对妳不义囉!!",1
大创买的元滑鼠垫开始脱皮了!真的很好用,1
很好....头发在这样掉下去!我看不出两个月就要变灯炮了..,1
你可以再烂一点！！不要动不动就断线好不好？？,1
很好，高铁点后开。昨晚坐夜车来高雄!马的~,1
很好明天全台湾停班停课，版是拿不成了...,1
很好野蛮女友的剧情居然发生在我身上.....',1
"帮小小孩刷牙,还真不是盖的.比喂老虎,更容易被咬到'",1
儿子最近吃饭老爱中途休息，很好！那我也休息来噗一句。,1
内湖线的冷气可以再冷一点,1
真是太棒了，一大早就有人，让我上班不会迟到唷，呵呵呵呵呵呵......,1
"运气真是太好了~刚才加班完要去吃晚餐时,车坏在建国高架上!!!每个月都在修车是怎样!!!",1
陈政典可以再偏颇一点啊,1
友达....可以再烂一点...点买.，现在点变成.更更更,1
晚上的电视节目可以再无聊一点点!~~~,1
...桌机你可以再任性一点开了四五次机进到桌面后都自动...最后干脆开了笔电，但当笔电开好机连上网路后，桌机就正常了,1
靠！又把杯子丢在公司...你可以再健忘一点啦！明天白天又没得用了...雪特！,1
很好~猎命师居然给我停在这种鬼地方,1
礼拜天电视可以再难看一点没有关系,1
我绑不绑头发关你屁事做事态度可以再差一点阿,1
很好!!为什么我的便当里面有苦瓜,1
哇靠！可以再热门一点没关系....已经两天连不上去了。,1
公司网路真的可以再烂一点！还比慢是怎么回事,1
唸书很了不起吗脾气可以再大一点!,1
很好，喉咙发炎了,1
一通电话也没有噢真是太酷了好吧那就这样吧,1
只在乎吃.喝.玩.乐可以再不长进一点,1
澎湖的跨年请偶像巨星演唱~结果是超偶还真是巨星阿~,1
很好我的桌电两个月后依旧上不了!!,1
还在公司...星期五晚上加班还要下雨...很好...,1
摄影课破裂…！！很好自己进修~~哼！！老师我鄙视你~~就算你要让我上，我也不想上了~~讲的话有,1
清晨五点入厝...半仙还真会给我挑的好时辰哩!,1
中国历史可以再机车一点ˋ好多内容,1
统一可以再小气一点，贵为台湾第一大食品业，居然只捐万...,1
周末前的忙碌，电话跟插播可以再多一点没关系,1
卫生局的护士你很屌喔~到球场边不帮忙量体温，只负责医护工作，好样的!你很好!!,1
很好~已经点了。我现在才要来解决今天是的最后一件事,1
很好，今天又忘了带钱出门。准备饿一天了,1
很好.个要在内测完~,1
很好现在还在用分析设计明早上还要拍广角照片,1
成绩才出现几科但是...很好非常的刺激,1
很好..又是在我休假的时候有我想要看的人..阿阿阿阿我要疯了啦..,1
"很好,非常好!!!继之后,公司连都封锁了!!拜托~请不要再把魔掌伸向噗浪啊~~'",1
很好~我女朋友汽车卡在路上发不起来，现在要我过去看,1
很好!猪猪人你看你欠大家多少钱!薪水下来全部缴出来还不够还!!!,1
好闷的天气跟星期一还真配ㄟ~,1
公司电脑是可以再烂一点！,1
亲子台做火影忍者还真是有够亲子的,1
很好..就在的最后一个部分卡住....,1
假日还要见老板..真是太幸福了',1
有人不贴心~只会说风凉话!很好!!!!!,1
啃!很好..这次尿在我的枕头套上..而且床垫也被用到了..,1
的蓝芽连线设定...可以再麻烦一点啦...,1
一颗心噗通噗通的狂跳。很好，我真的觉得有东西快从我喉咙里跳出来了,1
我妈真是太伟大了,1
先把旧的编码接成新的编码然后再把新的编码接上实验室的编码然后再把编码接上名录如此四个轮回可以再囉唆一点没有关系,1
很好～闹钟没响就已经醒来了，真是好习惯！但是…今天放假ㄋㄟ！继续来睡，哼～,1
很好，今天又得继续加班...,1
很好...我很无聊的..很认真贴文....,1
"我们家顶楼的大飞走了三分之一,也太酷了吧!!又要写意外事件了",1
很好，非常好，出国玩都不知道要打电话回家了~~看回国后，要怎么修理妳~~~,1
天啊~~~你可以再热一点!!!!!!,1
好友可以再难加一点....,1
噗了这么多卡玛依然没有起色真是太妙了.....,1
可以再换多一点照片没关系～,1
"很好,收不到公司邮件",1
网站可以再烂一点...,1
"好饿........果然中午只吃地瓜不够.......等一下还要去跳舞,真是太好了~~",1
天气可以再热一点啊!!!是想热死我吗,1
"很好!的又出现不能删信,读信的状况.然后又常常出现当机的状况.没想到目前只剩还在正常状况中",1
御饭团最便宜的由元涨到元，然后推出买个折的优惠....还真是粉优惠啊愈来愈狠了,1
太好了，花莲果然只有中文版的《天外奇蹟》,1
体力可以再差一点游个一千就没力了哀,1
环保局的冷气居然开得比银行业还冷...真是太环保了!!,1
很好，我开始焦躁了！每天都立志早睡早起，结果现在都几点了,1
很好，九斤二加满堂红的结果就是...冒痘！,1
我真是有那一群好朋友阿，凌晨四点半打电话叫我起床尿尿，很好...谢谢,1
助教你可以再机车一点,1
很好，没想到一个失眠的夜晚，重新启动了我停滞许久的晨起暴走计划。,1
兄弟你可以再烂一点没关系，明年中职收掉算了!!,1
"很好!我昨天洗的衣服晾在外面,应该是湿答答的吧",1
今天阳光普照~躺在床上整个是被太阳晒醒...也太阳光了吧！,1
很好~睡觉睡到劳枕我明明都睡记忆枕头了',1
可恶的!的恶邻！！你可以再没水准没家教一点！！,1
很好.我天空推荐数一掉就是多.天空你好样的,1
"房间隔音真差,隔壁最好鬼叫可以再大声一点",1
电脑半年中毒三次还真棒,1
他妈!!!!!!!你可以再下流一点没关系,1
很好...新的问题点出现了...,1
很好!!!!!!!!星期天要玩水~~~小红来访,1
很好.....曝得一塌糊涂~一张都不留',1
对面那间公司初二十六就在大楼里面设坛烧香...可以再没公德心一点呀～,1
为什么明天要开会今天下午才给你通知，公园院还真有你的！,1
很好～我挂错医生了,1
很好!工作上又出现一个意外了!,1
"卡马~~~~~你可以再小气一点啦!!!!!!我已经狂扑快小时,你移动也不动!!!!!",1
很好，证件又掉了!,1
"很好!!笔电确定挂了!!什么都不剩下....'我哭了~~一堆照片资料回忆等,通通消失了.",1
"昨天下午喝的茶让我嗨到,很好,今天超级困!",1
很好可以再恶劣一点阿!我是无所谓啦多一个少一个都没差,1
很好..右腿踝扭伤了..,1
很好...体重持续上升中...,1
我爸可以再严格一点啊!!!别人丑布拉讥!!都不挑的,1
很好..我的电脑当机三次了..是因为硬碟过热吗？,1
美国的医疗还真先进啊！白血球持续下降就直接进无尘室隔离！那之前我掉到只剩多，怎么还可以到处晃来晃去，还外出洗头哩,1
"明日降雨机率是...很好,不是下雨就是不下雨,真是有准确的机率阿",1
熬夜唸书真是太有趣了,1
]很好...解封也不给放银行硬要吃格子就是了!!!,1
晚上去参加好友的婚礼，化妆前敷脸，结果竟然过敏，一整个冏!!!出门穿上高跟鞋，很好..右脚天皮断了'。,1
太好了~老板要我们一星期内完成论文给他批...但...冲的出来吗...,1
"可以再讨人厌一点呀!!有些人什么都做,运气就是很好...哪有什么办法!!",1
很好...家里已经出现粽子大军了,1
干!你可以再卢洨一点啊!!!,1
"很好,现在网路烂到只要一拿起电话就断网......",1
火大：妳的声音真的可以再大声一点，可以再故意用力一点。真的是会被妳的声音活活给吓死~,1
很好今天日本出现三个本土型新流感然后我下礼拜五要去玩希望我不会赶流行'回来后被关天,1
很好，现在我陷入异常焦虑的状态了，就连基本上应该让我义无反顾的变相同学会都有管他去死的反应，丝毫的欢乐感都没有出现，并且极度暴躁，简直是太棒了！！！我怀疑我法律用语的那根天线断了，所以现在完全觉得课本不知所云。,1
很好~~明天早上要跑劳委会....,1
油价可以再高一点.....怎么这么贵~~~~~,1
塞车也是幸福，所以改坐高铁，可是高铁也要涨价，台湾人民真是太幸福了啦,1
华硕品质可以再**坚若磐石**一点没关系,1
很好!!脑袋还是不灵光...,1
太好了我又是最后一个知道的有没有搞错,1
"新人.先生刚刚迫不及待的拒绝.的帮忙,理由是,他要下班了,所以明天再说...真是太赞了!.可能会觉得悻悻然吧...我的真是有够欢乐...欢乐满人间.处处有温情...何不食肉糜...",1
背部筋拉伤，感冒也没好，胃不太舒服…很好啊都来都来~,1
真是太好了刚刚断线将近一小时,1
"很好!隔壁病床的家属,音乐很大声卖药电台手机很大声是鸡鸣叫声聊天很大声跟一堆大陆看护聊天病房走道堆满了他们的看护垫和尿布桌上放满了零食水果饮料....我忍!!我住三天而已!!我他妈的忍!!!",1
晚睡的结果就是每天都要很晚才能睡可以再冷一点晚安,1
章鱼哥...你可以再白目一点没关系,1
可以再慢一点....,1
很好一天又要过了...,1
很好!我不会弄,1
网路你可以再慢一点没关系呀~!我用走的都到家了还没法噗出一句,1
公司的网路你可以再慢一点没关系...,1
"很好,我的尖牙齿.把我嘴割的左一洞右一坑的...吃饭吃的很痛苦",1
我妈最常说的一句话：你脾气那么坏，谁敢娶你...很好,1
很好~论文没写完，我已经会玩噗了!',1
很好...你们可以再乱一点没关系...,1
开始有火大的感觉手机收的收讯会不会太好了一点,1
打排球硬要练高手..很好我现在右手完全不能举装什么帅阿我,1
连警卫杯杯都不爽敝公司的白烂作法，也要闪了...真是太酷了!,1
妳态度可以再差一点没关系!,1
网路可以再慢一点,1
今天搞了个一点都不像的.....“伪”给老婆当早餐吃，老婆也很捧场的说：不好吃...。很好~~下次买饭团回来充数吧,1
才刚买的书，竟然掉页了，这品质也太好了吧,1
很好，早上六点睡，下午两点起床...是说...课都不用去上就对了啦ˋˊ，过了两个礼拜如此糜烂的生活，我发现不能在这样子下去了...除了肝可能会被拿去当木鱼敲，还有就是我的学分阿,1
很好～工作量终于爆炸了!!!!大家卡来卡去~我整个工作的使给旧很满耶!!你们这些人~给我有节制一点!!!!!,1
有一位房客在作实验～～～很好～～～,1
可以再热一点没关系..,1
"办公室可以再冷一点没关系.冬天的时候不开暖气,现在冷得要死开什么冷气啊..恨..",1
很好！今天共有封得消化‧‧‧',1
没想到有人敢在面谈后大声嚷嚷，真是太有种了，由此可知，我是俗辣,1
很好...换个电源供应器，搞得连风扇也有问题，偏偏散热器又特别难拆...这样总共花了我小时才搞定...,1
很好'文藻英文要考中高级程度的英检,1
很好...又天亮了...睡觉时间又到了,1
雨!你可以再下大一点没关系~,1
你们二个可以再没水准一点~刺激我',1
"我挂彩了,真是太好运了,端午加班还见血,无言.....",1
"台北的太阳可以再晒一点,今年应该有机会突破度大关吧!是吧是吧",1
很好，小一大早就给我嗯嗯五连发，还没擦干净就给我在床上翻滚手去抓尿布,1
台糖蚬精的广告可以再机车一点，「阿就是很有效阿」....,1
事情可以再不顺一点没关系,1
很好老妈说星期日要回四川去，最近越来越常搞两个人都不在家的状况了,1
微软官网可以再慢一点,1
淦......冷气坏掉......可以再热一点.....,1
听完了。一次三天份，真是太黯然太销魂了~而且一堆鸟生字......这次文章讲到好多北极的海鸟...,1
台中市的路可以再烂一点，崇德路烂，北屯路也烂，到处都坑坑疤疤的，叫我们这些骑摩托车的人怎么闪啊!!,1
神明资讯你可以再慢一点再不守信一点,1
每次我破产时，我电脑就会跟我闹脾气！很好没有一次不是这样的！别任性乖电脑',1
鼎王的服务真的很好...吃一个半小时真的就赶人走..很机车呢,1
很好!!!我要出门来去开会了~~~~,1
很好~~~忽然很想吃肯德基~~~但是我在咳嗽另外就是~~我也找不到东海这的肯德基见鬼了~~~东海中科这的肯德基在哪阿.....,1
喔~我的网路可以再慢一点呀!,1
很好，明天要送初稿，今天叫我熬夜加东西，不能早点说吗,1
江春纬...嗯，很好！,1
很好，确定今年不回台湾了,1
很好搞得我一头雾水中...没有头没有尾...这样怎么做事,1
当老板真的很好命，刚刚跑去要请老板签公文，秘书说：老板还没来说！很好很好，老板都不用准时上班的就对了,1
很好我不会这东西',1
很好，趁我不注意，还带着两条狗要进来馆内，现在这里变景点了吗,1
法拉利可以再脑残一点傲慢也不是这种傲慢法,1
"很好,狂喷之后就爆炸了..",1
借测的可以再烂一点！安装一半，哈滴居然给我坏一颗！是怎样...,1
很好~头又开始痛了~~,1
"大家早安囉!!!我怎么可能不歼灭你呢!很好,叮我的眼皮是吧搞得我跟钟楼怪人一样...",1
我大老远跑去淡水上一堂课，结果去的时候教室都没人。系办老师说今天这堂停课，老师带同学去校外教学！很好，学弟你很棒，都没告诉我,1
周日反而要早起去招人大会很好,1
慢跑鞋，两千元，很好很好,1
很好会计发了一场莫名奇妙的脾气...结果是自己听错了,1
一早热水壶坏了打火机毁了火柴潮了茶水翻了很好,1
很好...大乌龙...国泰世华没有英镑现钞...,1
"很好五月剩下不到一周了,又快要结束啦",1
好了好了..这下真的太好了.........我漂亮又爱迟到的女人来了',1
读某报某文]赵少康那个王八乌龟，可以再更恶心无耻一点{连结已补},1
门市打来说...我的从后就没收到信了..我说～一定是信太多～要先把信件分类...对曰：有阿～我们都有分类～收件夹现在也才四百多封喔！好吧～那我连过去看看....一看！封..未读..容量...很好嘛...,1
太好了!又是一个必须早起的好日子!!,1
很好，又要补税三万多...,1
天阿！我家外面的青蛙可以再吵一点,1
没有意义的会议终于结束了.....结论是明天再开一次...很好,1
很好，这时候来多个图档要我修，看来今晚得熬夜了...,1
很好灰长滴好偶又回锅中奖了.....,1
现在连生个病都可以鸡尾酒式的牙痛+中暑+感冒发烧偶也真是太天才了,1
品质可以再烂一点!!!,1
噗~老梁我要出门了，雨才开始转大~很好很好,1
"车都开进目标巷内了,这种天气吃个韩式锅正好。结果两个女儿口径一致：「可是我（们）想吃妈妈煮的！」,很好,知道昨天的高汤还有剩,算妳们狠！",1
很好很好恭喜在我前面和后面买东西的人都中奖了',1
"前几天拿了一张相片去附近开了年的相馆店洗,老板冷冷的回我我们没有在洗一张的!抱歉.很好!!老娘之后的几百张都不会来你这里洗了",1
吼~这两天公车也太难等了拔!!是想跟基隆公车比晚就是很好ㄚ!!,1
劲战的电池居然骑个一年半就没电了，要靠脚踩，每天我都可以练脚力真是太好了～,1
「大脑先生」前面一大段都在山寨，气到不看了。日本人，你们可以再堕落一点没关系,1
这天气可以再烂一点!什么鬼天气嘛...两个周末了耶!,1
很好!!肚子又在闹脾气了.....今天第次迈入厕所,1
很好非常好真是太好了要出远门了才发生家里仅剩的一辆车故障真是他妈的太好运了非昌好这次干脆倾家荡产全买新车然后再来欠一屁股债好了房子也不用买啦,1
索尼爱哩死的工程师可以再低能一点没关系!记忆电池失效关韧体屁事啊想呼巄我!竟然还跟我说用旅充就不会再发生类似情况！那我多买一颗原厂电池是买心酸的唷！真是不专业耶,1
啊娘喂...太阳可以再大一点没关系！热爆了！,1
妳可以再白痴一点！,1
很好!从美士换优卡你们竟然都不吃..不吃都不要吃!,1
你可以再一点!!,1
"客人抱怨鹅绒被太香...太香不行,太臭也不可以,这些人可以再难搞一点!!",1
"很好很好,大家都说我变胖了,真是太好了",1
半夜三更在播午夜凶灵跟鬼娃娃花子…很好！我不用睡了！,1
可以再把利息降低一点啊...,1
牙六学姐很夸张，星期六搬回家之后就没锁门也没关冷气。很好，阳明都是一堆怪人！,1
我的亲爱扑友们，你们对我真是太好了，一个下午没来瞧瞧，竟然扑，是怕我不够忙嘛!!,1
我姐从美国拿回来的雨衣纪念品是短袖也太酷了吧,1
很好，睡醒就发现喉咙发炎，体温达.度，然后我阿母还把打预防针未满一周的两只洗澡光是把牠们吹乾，我就全身汗了。,1
太好了，五月节又来了，今晚一定会被大拜拜吵到睡不着...,1
很好，这下真的需要电风扇了，因为宿舍冷气坏囉,1
晚安了，三天的休假在雨天度过，还真是充实阿，好险一天的时间一下就用光了,1
可以再懒惰一点没关系啦~~每次都被我抓包是怎样~上班带手机吵架..又被我抓到在讲电话..事情该做的都没做已经过一个多小时了..齁..讨厌讨厌,1
"哀悼我的硬碟~~重灌之后,硬碟就整颗挂掉了~~很好!!!",1
很好~我又睡不着了~时间作息要赶快调回来~不然我之后的生活就会很麻烦啦~',1
我真的可以再鸡婆一点啦老了来去选里长好了,1
回家的路上熄火...牵了一大段路才看到一间黑心机车行...很好...很干...不争气的小黄一再逼我赶快买车不要它,1
很好，归零了~凹呜～,1
很好，今天早上一来就像是打仗般的忙碌，好不容易有一点点跑资料时的空闲....天呐,1
很好!下雨天等等要来去送货~,1
今天是月，第天我就头痛!!很好!!!!,1
"很好,当仙台那边的时候,札幌这边是被",1
今天洗旺旺的时候第一次被抓伤了，好狠的儿子，背上，手上，脚上都是抓痕，很好...,1
也太好运了每次校庆早上的集会几乎都抽到我...,1
早安！原订的交接会议今天开不成，很好！又得没事找事做,1
刚刚要去洗澡，翻开衣柜，突然发现！挖哩勒~~~~我没汗衫可以穿了很好阿~~今天就给他裸睡阿！！明天就穿一件制服上衣去值勤阿！！流汗就给他透明这样阿！！！,1
气温可以再低一点啦~可乐放在车上竟然变冰沙~再冷一点我就不用开冰箱了~把东西都冰到车上去好了,1
好吧!一个才刚形成的台风打乱了所有的行程...很好、很好....,1
感冒...很好!!我的假期飞了,1
真的可以再无聊一点。我把蛋从冰箱拿出来，随意放在一个煎锅上，想让它们回复室温。阿莫先生说**你不知道煎蛋要把蛋壳拿掉吗？你要把这个厨房小秘密写到书上喔**起床至今两小时，喝了水喝了咖啡吃了点心，他还不断重复玩这游戏。,1
很好，今天整个再忙到晚上，又给公司赚到.个小时,1
你可以再难用一点.....,1
很好，丢骰子最后一秒给我断......,1
]今天程式小改版，最重大的更新是，可以花钱买每日特别贩售食材了！但这些食材索价不斐，一份动辄八九千元，还真是「特价」啊...可恶的是今天的特售食材还不是我目前最缺的，我需要马铃薯鸡蛋沙拉叶草莓义大利面条奇异果啦。,1
可以再热一点!没关系...,1
男人可以再没神经一点,1
好ㄚ!很好阿!去学校找到我的系主任了!但是别系的主任竟然不到点就闪人了!看来明天下午得要请假囉..喔不不不...,1
我原本以为，今天可以早点睡觉，明天跟吃饭；半路杀出陈咬金，丢了案子，而且还是急件...今天丢明天要。很好，我明天要顶着黑眼圈虽然已经有了去吃饭唱歌了,1
很好，我在家几乎完全开不了新浪网页，陈阿信你没事把部落格放新浪是为虾米！连洋公都搬去新浪！明明就很难开,1
福气又安康你为啥要找王怡仁来演第二女主角丫王怡仁妳演技可以再烂一点...,1
报告忙的要死，你你你...还打电话来闹!你你你，三更半夜不回家你们，很好很好!!!去你的***,1
很好，我总是遇到气势凌人的女记者女公关女设计和女老板，然后我每天都在扮演小媳妇不敢多吭一声的角色。给我一只兔子。,1
很好，现在才收到简讯，但我今天没空,1
某医院社工跟我说，妇女结扎之后就不会有，这这，是可以再扯一点,1
很好..题文法题，只对题,1
可以再让我肥一点没关系阿,1
很好我刚刚在打的一篇文章消失殆尽,1
小鼻子.小眼睛.小格局的'好'市长..真是太好了..加起来大概万多人..你眼睛瞎了吗..,1
"太好了,今年的端午节和生日老公要去欧洲出差...",1
"很好!!エレコム放我鸟,没也没电话,又要开始没办法进入写报告模式了。",1
很好..都没有下雨..棒呆了!!今天只差一个实验没有用好要延到下礼拜..美中不足啊,1
今天喇迪赛很好!!刚刚客户采购被使徒吐草结果摔电话断线喇迪赛+,1
很好~刚把薄荷沐浴乳当洗发精现在头上还是凉凉的,1
很好……看来我想买的真的很难找明明日拍有阿！！！可是为什么友人在行找不到、的订单也一直没回音............,1
好多小强出来玩哦，也太开心了吧？,1
"很好~刚才受不了怪味,把豆浆的封口拆掉拿去流理台水槽倒,我才发现底下已经结块了,天气热归热也没这么夸张吧!!看来这豆浆真的有问题,感觉肚子怪怪的~是心理作用吗我去床上躺着等肚子发作好了...!!",1
都问过了说要一人一份，面都煮下去了才说妳两人只要吃一份！都问过了说要一人一杯，木瓜牛奶都打下去了才说要两人一杯！妳可以再嚣张机车一点呀！,1
自以为是的人，以藐视别人当乐趣，没关系，你可以再过份一点，老娘我不接你的案子！,1
"继手机不见,今天又发现皮夹也不见了..很好!!简直衰到一种极致..,最近运气真差..事情接二连三发生干脆从跳下去,是不是就可以终止衰事的产生!叹",1
很好...我在自找麻烦...用了外框字，结果累的是我自己！,1
很好~~~已经一个追加不到了~~我就等著看到最后是不是全部都没有!噢噢!我的蕾丝~~我的花格纹~~,1
很好~她不是在洗澡...刚刚打给我说：「对不起~我忘记了我在外面耶！」害我被蚊子小姐叮！,1
很好这门课我扺定了!!!!浪费我时间!!!!,1
可以再白目一点...,1
很好翻到年年底的旧案到现在什么法催程序都没有进行一次还让我翻出三件真是有够扯的南东分行深水炸弹有够多,1
挖洞给我跳~~~~~很好~~~~看谁比较狠~~~~,1
今天还真是发生很多好事~去开会就被骂,1
记者大人们的素质果然很好很强大...刚刚采访从灾区救出来的小孩子竟然问他爸爸在哪里...我就不信他们不知道国军是先救老弱妇孺,1
机械式的可以再吵一点,1
....陈水扁骨折原因是「坐姿不良」，马的你可以再虎烂一点没关系。,1
"你可以再过分一点没关系,没看过这么不要脸的人.",1
事情可以再复杂一点没关系.....反正做不出来就是做不出来....,1
"很好!!锁了俺的餐厅,反正俺这星期也没空玩...",1
很好...看到桌上的一堆东西...我中午不用睡了...再次被气到快脑中风...,1
"很好我的电脑整个不能动的坏了现在借用我弟的发噗,明天拿去给人家重灌,今天来锁卡玛值大只的回家后叫他写作业，却给我发脾气，说讨厌把拔永远不要看到把拔了！很好！",1
听奥竞赛场次可以再乱一点没关系,1
我要咬人我要咬人啦月初可以再忙一点嘛..我看我今天没空跑厕所哩,1
我娘家的电脑可以再慢一点...打完个字第一个字都还没出现,1
事务所的网路可以再烂一点,1
还真是谢谢你~~丢一颗炸弹给我ㄚ!!我要努力工作~~!!不要影响我~~!!谢谢!!,1
很好，办公室的冷气又跳掉了，还好只剩不到半小时下班，不然我应该会抓狂吧！,1
哀~真的可以再忙一点!!天呀,1
脸上的痘痘可以再冒的夸张一点没关系......,1
"很好!两周没上来多封讯息,值掉到.多'",1
一开年可以再衰一点~~~~~,1
"今天早上开始狂咳嗽+全身无力,还是抓去医师那报到...真是太好了...又加一笔支气管炎...。",1
很好，很爱花钱，又败了一件衣服,1
零下十一度...你可以再冷一点,1
现在就.度..很好..我看等我要睡是几度..难怪这么热..,1
很好..电脑其实是出问题+上某条可能坏轨..干!!..工程师跟我说中毒..中鸟啦!!声音明明就不一样..坑我钱..到底是要在搬去修还是..继续搞到它整个无法开机,1
很好~~~要弄到点半...早知道就带来了...,1
昨天晚上一个钟头醒来一次....很好.....,1
"今天好怪,办公室旧版不能用,下载新版,从早上点下载到下午点半,微软可以再软一点",1
安全监控三雄奇偶升泰都涨就我买的那家跌运气也太好了吧,1
"很好!睡一顿后起来喝奶,现阶段花名开始高亢地做发声练习",1
被香水燻到流眼泪...'...可以再重一点,1
很好在打喷嚏了我就知道淋一早上的雨会感冒',1
雨可以再下大一点阿,1
很好~熊熊转头已经快点了时间过得还真快呀!,1
很好....主管都没来上班阿...,1
真是太帅了太久没发言归了,1
很好很好...雨用倒了....,1
"光芒,红雀你们可以再贫打一点!!!",1
学妹妳可以再白目一点!!!四堂课都过了快一半了才进教室，明明就有很多空位，连我第一牌的座位也要抢，硬要抢我的电脑，明明我有在用电脑，都叫她找看看有没有其他座位，屁股动都不动，随便往后面就盯着我的电脑说没有位子，是我不想计较想说给她做，拿着我的东西换了位子!!,1
"很好....仓管什么都不懂,生管很忙...所以都由我来做!!",1
很好...儿子滚了一个晚上..我就酱睁着眼看日出!!,1
很好...连左大腿也开始酸了..,1
"真是太好了!水压不足水好小,无法洗澡~'",1
"很好,我现在还在公司",1
远传门市小姐你可以再白目一点,1
很好!!!....右边的耳环不见了...,1
太好了明天要去开会........,1
很好很好身边一堆人都跑去看变形金钢了...我也好想好想好想好想好想去看',1
楼上的肖年ㄟ~~~你的音响还可以再夸张一点齁.....,1
很好~庄家连一拉一~今天还是不顺中,1
"很好很好....进场四小时才帮我换大位子,光是我前面的大位子都空一个多小时了,亏我还提醒了柜台两次....短期内如果再储值我就是小狗!",1
妳可以再自私一点...妳跌倒就全身残废好几个月都要人服侍妳！我跌倒手都肿起来了，有煮饭给你们一家吃就很了不起了！你还要我去整理厨柜...掯！别人家的小孩死不完也不是这样的啊！,1
被辣到眼泪鼻涕直流真是太爽快了~,1
"出现了讨人厌的问题，在。还好我们一排三个人代表了演化史，分别用,,，浏览器版本可以再多一点",1
很好!!非常好!!当当手脚冰冷~估计晚上要发烧了,1
我阿爸竟然问我要不要开冷气....很好~我去咳嗽给他看~~,1
很好，公司笔电硬碟开始有鬼叫的迹象，这不就是坏轨的前兆吗，拎娘哩。,1
太好了我找不到昨天玩的开心水族箱了,1
"很好,我中奖了!!!我踩到我家娃娃的狗大便",1
噗浪你可以再继续一点没关系啦!,1
实在没办法接受这种处理事情的态度。可以再给我摆烂一点,1
很好干部训练！！！,1
很好~追完从前一天半夜到今天下午的噗了~再来追新长出来的噗,1
....靠北市政腐你可以再烂一点，听障选手当你的交通白老鼠，爽了吗,1
中华电信真的可以再烂一点阿,1
很好!!忙了几天我的掉到只剩几了....啃!,1
写作程度可以再给我差一点阿写作到底要怎么自我进步阿真的只能去补习吗...目标是至少雅思分,1
公司英文考试可以再机车一点.........不想给人家领钱也不用这样搞...题目一次比一次机车.....,1
撒塔尼欧都拜~你可以再欧都拜一点阿,1
不用台风我也看不到球赛了吧，可以再不争气一点啊,1
真是要气死我了！你可以再心机一点啊!!,1
..又有一个立法委员被法院判定当选无效!!第四个囉~~不过，他们好像是依照马英九指示行事啊!!马英九你可以再口吃一点......真的很蠢!!还当选之前就要开始~~幕僚们快给他一罐白马马力夯吧!,1
"上课时中天记者突然打来要采访老师,既不事先约来了又一直催我们赶快烤个蛋糕给她....我们在上证照班耶...没看到在打面包的面团吗打蛋白时手都没洗就嫌无聊抢着要打...已经够发了还不听劝阻不肯停,走了也不说声谢谢..中第四台记者可以再没品一点",1
"有些真是脑残到爆炸,可以再没头没脑一点!",1
"可以再白目一点,清晨五点打来问我你睡了吗扰人清梦",1
恶心，驱长说礼物退回人家会伤心后，又改口收的礼物已经送给弱势！（你可以再ㄍㄟˋ一点）,1
中天新闻可以再鬼混一点连帮你骂人的噗浪机器人都可以做一则新闻...怎么可以有这么无脑的新闻,1
维修工程师你可以再混一点啊...风扇上面已经贴了注意事项，还可以给我装错方向......,1
约早上九点的会，到现在还没开始！可以再夸张一点!,1
公司的冷气可以再冷一点嘛!是把我们都当御饭团坚持度吗,1
节耶~~吃个饭不过分吧~~拜托~~~~~~~香川他讲话可以再贱一点阿!!看新闻真的只会有满肚子辛酸和脏话而已!!,1
...山寨版猫熊!!你们这些无德业者对待狗狗可以再夭寿一点,1
救命啊~~~这个可以再冷一点!!!狂喝温水都没用!!!新闻棚这边的空调跟二棚是相通的，只要二棚正在，就不可能关冷气。夏天的时候有西晒，可以让这房间很温暖。现在天气一不好，就不行了...冷死了!',1
可以再恶心一点!!!...,1
这雨还可以再大一点，得湿身上班了~~',1
这个总统可以再白目一点，明年月欧盟免签是吧!再大声一点ㄚ,1
死管理员你可以在把住户的问题讲得再事不关己一点没关系~这是第二次了，别惹火我~我好歹也算是个写报告能手什么不会写几篇报告书应该还不是难事之前害我车被市府拖，你可以再让我等久一点看马桶什么时候要来修~,1
第一次跟强迫症很严重的一起吃饭，但是非常开心不过点妈妳可以再笑大声一点真的！！,1
你可以再不够意思一点祝你以后肚子越来越大~,1
干！可以再过份一点啊之前没弄清楚自己的预算乱聘人然后又随便裁，要我签的请款单自创格式不通过竟然只发了一封叫我重签，一通电话也不打；等到我一个多月后打开那个信箱才发现，竟然有脸跟我说都连络不上我？我说的就是你们！阳明大学生医资讯所！,1
扑浪你可以再帅一点.......,1
真的很受不了！！到底是谁总是把马桶弄得脏兮兮？干净的马桶座垫妳不想碰到...却要我们其他人用满是尿渍的？可以再没有品一点...,1
邮局的美国臭老伯..服务态度可以再差一点!自以为是白人就很了不起那样,1
你可以再宠女儿一点！我不知道还伺候小三生整理书包起床穿衣会有甚么后遗症，不过，我想可以不用期待这个小孩往后会有甚么成就了！这跟....大学宿舍没装空调新生家长当众哭诉的家长有甚么两样？！,1
突然想到，最近她超早下班的，连昨天可以八点就给偶下班约会去，真的可以再夸张一点!,1
"刚刚看新闻真的很扯,淹水的地区都已经没电了,他们是有电可以看的到电视新闻吗!他们要怎么打电话通报灾情呢记者跟主播可以再天真一点没关系!",1
你可以再夸张一点办公室热的要死你不要空调一打立刻穿外套到底是不是男人这么虚,1
秘书小姐你可以再夸张再懒一点!,1
非死不可的开心农场可以再给我烂一点,1
可以再白目一点,1
"刚刚打电话给尪,跟他说今天七夕吔~他说喔~七夕可以吃吗我的尪,没关系你可以再不浪漫一点!!我要跟儿子出去约会~",1
"你可以再挑衅一点...是把我当小偷吗!不跟你发脾气只是不想跟你撕破脸...如果你嫌我还为你做不够,那麻烦你以后都自己来吧!!我很乐意!!",1
你用力的翻我用力的...你想要扁我吗卖高丽鼻比!（予想：你可以再欠扁一点！）,1
"....扯？小兵投书：救灾等不到长官下令不仅天灾,更素人祸三军统帅马英九,你可以再无能一点!冷水坑当事人刘兆玄,你可以再自我感觉良好一点!",1
今天的电脑'可以再慢一点没关系,1
雨水打滑我在家具店门口警卫面前大滑一跤，脚踝撞到阶梯直角处肿得跟小笼包一样...可以再糗一点没关系...,1
非常好!!楼上施工中~可以再吵一点!!,1
面对惨不忍睹的灾情....马政府可以再白目一点！！,1
...你可以再抽象一点没有关系…,1
轰胎~可以再强一点吗.....,1
时间..你可以再龟速一点!!,1
妳做事可以再没效率一点,1
可以再烦人一点,1
"冏噗维持了一周的迷濛眼+头晕..,再加上跟在那边研究是不是电脑萤幕问题之后,我终于找到主因了..就是{我把隐形眼镜左右戴相反了}..很好!!!!我可以再笨一点再笨一点阿...",1
遭埋女童总统妳可以闭气两分钟不简单!..你可以再白目一点~~,1
"昨天去看中医,晚上九点出发点才到家!可以再等久一点哪而且走出诊所之前才发现其实用拿药的就可以了",1
现在进办公室都很内伤~油条硕士!!你可以再过分一点~~,1
值连降两次是怎样ㄚ管理员你可以再过分一点!,1
"可以再不尊重我一点...晚上点被通知下礼拜一回早班....,还不是直接跟我本人说....超想骂脏话",1
雨可以再下大一点没关系!!,1
妈阿~~雨可以再下大一点!!!,1
乐的网站~~真的可以再慢一点~~我非常的有耐心~~,1
今天的头毛可以再毛一点!!!!!!!!,1
厚...台中天气真的可以再热一点...,1
我想...我快失业了....老板你可以再讨厌一点!!,1
你们可以再烂一点..又被逆转了,1
打成可以再天才一点呀保险业务员,1
可以再蠢一点!刚刚倒水开错开到热水去~~~烫到手,1
暑假作业可以再多一点.....每天都累的要命,1
自己可以再笨一点没关系!!!领个钱忘记拿卡...不知是不是会被机器吃掉,1
印刷物又出问题~公司东西可以再赶一点没关系!!!!都没时间检查的下场~下次就是直接自己印完做出来有问题你们自己去收尾!!我去校对然后把自己忙死是怎样!好烦阿!!!!!!!!!!!,1
！你可以再爱断我的一点！,1
农场~~可以再傻一点~~上一秒才在灌溉!下一秒跟我说太久没更新网页什ㄇ鬼阿!!傻傻的,1
同部门的不能知道密码，可以跟别公司的人说密码，马的....可以再机车一点！,1
"连续天加班,饿著肚子回家今天晚到计程车费要加成,「百商」可以再夸张一点,妈的",1
"可以再夸张一点!你们这些人........,,+,.",1
"终于搞清楚了,现在是.是吧!可以再抢多一点啦!哼哼!",1
今天可以再忙一点....',1
人生最后的暑假可以再精彩一点,1
"发电影票的人,你态度可以再差一点!",1
种花可以再慢一点没关系,1
为什么大家很爱问我成绩都研究所了还耍一些花招得高分不必要吧然后同组的分数可以不一样不知道这些老师是干什么吃的你可以再偏袒一点没关系阿不好意思我爆冲了,1
工作可以再多一点。,1
做人可以再不要脸一点,1
汇丰银行，你们可以再跩一点...,1
可以再贱一点...连剪刀也要少我二块...而且以前还没卖...是要来拼吗!!...,1
明天要去实习耶好紧张最近可以再忙一点没有关系阿阿阿阿阿阿~~呐喊,1
竟然作弊，你可以再机车一点......,1
靠咧整个可以再莫名奇妙一点...小玫也是蕯克奇,1
东野圭吾！你的白夜行可以再灰色一点没关系...,1
楼上的死小孩，你关门可以再关大声一点，吓到晴晴睡觉了啦！,1
公司网路可以再烂一点,1
法官你可以再扯一点~直接拿报纸当证据来质询被告？我不晓得记者什么时候多了个「特侦组调查员」了身份了？,1
你可以再给我烂一点~小心我叫大哥大把你弄掉,1
"公司男同事可以再懒一点没关系,连昨晚买的新手机要放价目表进去也要来找我用!!!吵著说昨天才买的手机,不会用...真的让我抓狂的狂骂不是不会,只是懒!!竟然还跟我说对电器就是不会嘛!最好是不会啦!我只花了五分钟就搞懂你的新手机了!而且还是三星牌的",1
"我看不清,是谁蒙蔽了我的双眼!才发现...原来......我的眼镜可以再脏一点没关系...",1
小莫，你可以再超过一点!!!话说，一直听到玻璃破掉，东西碰撞的声音，还真是有恐怖!!,1
"烂电脑,你可以再慢一点,等我受不了就把你砸了..",1
原来不是不见还真的是没带啊....我可以再脑残一点啊,1
可以再机车一点...,1
我这边ㄉ天气可以再好一点ㄚ...吼~~~~~大太阳ㄝ~~~各位能想像吗!!...,1
你!!!....可以再讨厌一点，老是站在别人后面看别人的萤幕...烂人!!..就不想和你讲话了，还一直问东问西...很烦人耶!!,1
台哥大司机~车可以再开快一点。我真的没那么赶时间…,1
早安!可以再热一点没关系。前阵子新闻说有台风就有地震，看来是真的啊!咖啡有台风就有震乱亨,1
靠么勒!!中华信的客户可以再狠一点!!!今天才要开始做的案子要号上线...不给延期还叫设计师都别睡了!!!,1
亚太的收讯可以再烂一点!!!!!!!!!!!!!!直接断讯是怎么一回事!火大,1
可以再更难一点没关系,1
很想和你拥有一个很长很长的未来，很想和你得到所有人的祝福，很想陪你走完你的一生，彼此温暖，互不辜负。,0
ArthurBodolec设计的这把椅子极具创意……你不去碰它的时候；它是一把沉睡的凳子……而当你坐上去后，神奇的事情便会发生……凳子慢慢舒展开来……就像变形金刚一样！它会变成一把有椅背和扶手的椅子了,0
我真的要崩溃我并不想磨平的我性格我要自由然而自由并换不来�烦着烦着又困了,0
为什么什么事情都要我来干，为什么我周末休息都要被领导盯着去上班？为什么一个内勤不能单纯的报信息报账，为什么我还要兼其他六个职位？所里会做事的人都死了吗？,0
布朗则在2005年8月向国际天文学会提起诉讼，质疑西班牙小组并不是在看到他们小组的摘要和天文日志之前发现2003EL61这一天体的。,0
我跟赵太安之间的互相信任已经没有了他竟然用我洗脸的毛巾擦脚@小杨阿姨喔,0
表示无语ing.老丝肿能准确无误的把平舌和翘舌读反。,0
007各种情节拼凑，浪费了偶三小时，出门前还好好的青岚抺茶栗子磅蛋糕，回到家已成焦炭,0
喜欢一个人的时候，TA流鼻涕的样子都能可爱得让你的心小鹿乱撞…不喜欢一个人的时候，TA的哪哪都是错的，就连对你的好都成了你想拼命卸掉的累赘。。。不谢谢你的喜欢，本王根本就不care。。。啊！！！我是不是注孤生了,0
发现在中国文化里开会时接私人电话竟然是可接受的行为,0
有谁比四川人更有资格要求南方供暖吗？一到冬天又阴又潮，冻成�，每次过年从天津回到家恨不能把所有羽绒服都套身上,0
今天早上醒来发现天居然亮了！亮了！昨天同样时间起床是摸黑的哦！出门上班才发现原来今天是晴天，蓝蓝的天上飘着云彩，好在云彩没有那么厚，整个城市不像往日那么雾蒙蒙，哦，这种天在我们北方，叫多云。,0
大半夜的突然想起小时候看过的一些外国电视剧了，第一部哥伦比亚剧丑女贝蒂（大概八九十来岁看的基本忘了），第一部印度剧阴谋与婚礼（现在还记得那个傻子尼拉吉喊卡佳拉结结巴巴的声音，剧情都还有印象我天哪），第一部韩剧天桥风云（庆琳眼睛瞎了还有远均给那个短头发神神叨叨女的捡东西被车撞死了）,0
#金秀贤##裴秀智##桃李花歌#好久，好久，久到以为自己不再爱了、、可是，当我无意看到你们又有交集的时候，内心的情绪像决堤的洪水轰然爆发！原来，不是不爱了，只是怕梦破碎，期待落空、、我爱你们，20151123的记忆，是我此刻脑海里最美的瞬间！,0
@北京地铁@北京交通广播@北京人不知道的北京事儿大早上的，地铁10号线首班车，就碰上这么一位，用刀削葫芦，皮儿掉一地呀！自私、任性、妄为，怎么办？还有，小刀？,0
我日十一万……可怕…氪帝[哆啦A梦吃惊]……。。。。。害怕11w…………[互相膜拜][互相膜拜][互相膜拜][哆啦A梦吃惊]转发一个,0
心情不好，非常糟糕为什么是这样,0
神还原！巨石强森变身大力水手波派！简直一毛一样，毫无维和感！！,0
拔牙了拔牙了[打针][药丸][打针][药丸]怕怕啊[害怕][惊恐][害怕][惊恐]求医生轻点啊[大哭][大哭][大哭]我在这里:#同济大学附属口腔医院#,0
这个城市风很大，孤独的人总是晚回家。,0
他立即组织游击队分两路掩护干部群众突围。,0
人活着活着吧总会出现不知所措，无可奈何的时候。辗转反侧你也想不明白该怎么办，叫天天不灵叫地也不好使。就感觉身体哪块漏风，却挡也挡不住。但是也具体说不出来什么事，说不明白也不想说，只想把自己藏起来。嗯,0
RobertKincaid&Francesca.不管怎样，我们必须再见面，不管是何时何地。整个一生的时间，我们一直都在互相朝对方走去。/我爱你。,0
((台湾)“中央研究院近代史研究所编：《教务教案档》第六辑(二)。,0
目前来说还是很喜欢女主的，就是恶心那对臭不要脸的的狗男女＆贱人的傻叉老妈哦还有男主的初恋女友也很讨人厌,0
哦对，说起来我昨晚做了个特别可怕的噩梦。梦到我在看一本日译汉的翻译理论书，并且觉得写得很好。有条有理，有例有据，简直是我看过最好的同类书籍了。心中充满对作者老师的憧憬和崇敬的我，翻到封面一看——作者：林少华在梦里当场跳楼然后吓醒了（。）,0
陪伴是最长情的告白，但是手机宝宝我真的不能把你捧在手心里了，眼好疼,0
爱尔信也是醉了，一节课没上，有原因不能上了，学费说不能退，搞笑！再也不会去报。,0
一个人胖和瘦真的是差距太大了，不仔细看根本认不出,0
各位亲朋好友你们好，我的微博半年都没用过了，麻痹的被盗了，这半年来的全不是我发的，今天有人告诉我.说我的号天天刷屏了所以才发现，辛苦大家了.我真的不用微博.还有，本人绝对不会灌鸡汤...,0
其实还挺羡慕这对半路夫妻的。老太脾气不好总埋怨老头儿，而老头儿呢，都听着，完全不放在心上。刚才跟着聊会儿天，说着说着就成了我爷爷奶奶，然后就你老姑怎么怎么样，你老舅怎么怎么样。嗯呢，东北人怎么这么热情,0
爱过哭过笑过打过骂过经历了许许多多！为彼此付出过，经历过，一起奔着目标追求过！在一起的时光我们以信任忠诚来报答对方！值与不值取决于自己！有些事做于没做，都不重要！重要的是我们做完之后是不是对得起自己的良心！做到问心无愧？没有一个好的开头，就没有好的结尾！该删了，终！幸福！,0
“什么是低情商的行为？”“始终要在言语上胜过别人。”“情商最高的行为是什么？”——“即使是对最熟悉、最亲切的人，仍然保持尊重和耐心。”,0
这个人好厉害阿！新号190多盘上王者！,0
真的觉得有些香港人不知好歹，你说你们Hongkong吃着大陆喝着大陆享受着大陆给你们的特殊政策，整天闹闹闹，引用今天形势与政策老师的话，这种人，八辈子都是当汉奸的料。,0
好不容易想喝水了，饮水机里却刚好没水了，没办法，自己来啊～第一次上了一桶桶装水，结果还真扛上去了！正悲喜交加之时，同事转过来：“啊？你一个人搬上去的啊？以后别这样了，女生不要这样…”,0
李大师是绍宝的爸爸，号称会仿画，其实以前仿的画都是绍宝所作。,0
原本还想睡个早觉，结果叫我半夜上吐下泻，嗯，电解质紊乱，喉咙又涩又带血腥味，弄得我这种难得生病的人一点都不开心,0
神秘兮兮兮兮：语气助词，加强感情色彩的作用。,0
心烦心烦心烦，不想说话不想说话不想说话,0
晚上，准备吃从妈妈家拿来的包子吃呀，没想到被我放发霉了,0
把我惹生气了，还想跟我一起睡去死,0
这样的作息安排太变态了太变态了太变态了！！！明天就改，不改你就变态了！！！,0
21电影动机亚当是一个年轻的漫画家，他的妻子最近怀孕了，导致他的漫画稿进展缓慢。,0
…………都下了一场雪，蚊子居然还活着，咬了个大包,0
这个松原不会就是我知道的那个松原吧？那可是我的家乡啊！,0
你的所有表现让我知道我做的确实是对的我没做错�,0
城市化的一项重要标志就是一幢幢楼房拔地而起。你家乡的房子有什么特色？世界脑洞大开的建筑TOP20中国上榜的竟然是…,0
所有人都说学霸啊你怕什么可是自己才知道有多可怕多害怕就怕伤仲永别人说你看你上了一个这么好的本科不还是和我赚一样的钱妈妈说女生做个公务员就够了可是我不甘心啊我想当很棒很厉害的人想做牛人看到哥哥读研那么辛苦想到以后出国要一年内把三年的事情做完就害怕,0
为啥子王晨樾该昵称已经被占用烦！,0
于我这种冷血动物，最好离我远点，无心凶起来你百分百有阴影,0
有人抱怨情人或配偶品性不端，三心二意，不负责任。明知在一起没什么好的结果，怨恨已经比爱还多，但却“不知道为什么”还是要和他搅和下去，分不了手……试问如果你家附近有一家餐厅，东西又贵又难吃，桌上还爬着蟑螂，你会因为它很近很方便，就一而再、再而三地光临吗？——爱情同理不堪这样的执着。,0
就事论事，直接枪毙！男的阉！女的剐！一对丧尽天良的畜生！真是不要个脸！,0
我的答案是不，几位编剧也不同意。,0
对属于ICSE和CBSE系统，以及天主教修道院或耶稣会所开办的学校，需求都特别之大。,0
一個人在外生活真的得夠堅強!好累啊!無助了,0
우리유겸이镁光灯下的你，在街口挥手告别的你，与阳光一般，笑眯了的眼温暖明媚。对舞台纯真热烈地迷恋着对舞蹈像火一样的喜爱执着每一次的成功，你开心的样子让我们庆幸遇见你，习惯你，让我们更想陪伴你。我们的忙内金有谦，生日快乐！,0
神马？？？？？狗子竟然跟老虎是朋友！！！,0
预约了明天拔牙，害怕拔牙的娃伤不起...连续几天没睡好觉了……,0
我等了两周的滚床单不是让你们纯聊天的啊！编剧你可以狗带了！,0
温柔的人总会被另一个温柔的人对待,0
都回来一个星期，怎么还是觉得在倒时差啊,0
人与人之间的相处其实就是相互容忍,0
愿意在你最不堪时陪着你的，愿意和你一起挺过难关的，愿意泼冷水让你清醒的，你赶都赶不走，而那些天长地久说说而已的，你也根本不必留。愿意比什么都重要，也比什么都来得长久。,0
我们观众都准备好了结果编辑你让大家好失望,0
曾经我有一个梦想，吃遍全世界，但是我现在发现，我不能吃和不喜欢吃的实在太多了，人生失去一大梦想和很多乐趣,0
你不问我不说这就是距离你问我不说这就是隔阂你问了我说了这就是信任你不问我说了这就是依赖。我好烦啊！,0
嘿日他姐气一回……每次这个点看手机都是11:11，妹的,0
����活该我孤独终老�����射手的特质显现出来了�����,0
唯独羽声比其他韵音距要长，这是因为世俗之乐始于十一月，终于八月，是天地间时令的一个循环。,0
【养生红薯粥】甘薯250克。粳米100克：白砂糖30克，将新鲜红薯洗净。连皮切成小块、粳米淘洗干净、用冷水浸泡半小时，捞出沥水：将红薯块和粳米一同放入锅内：加入约1000毫升冷水煮至粥稠！依个人口味酌量加入白糖……再煮沸即可……,0
今天小不懂得了看家护院，晚归进门时，它和呼呼狂吠着冲向门口，分分钟与敌人同归于尽的节奏，看到是我后瞬间转惊为喜。抚摸五分钟以安抚它幼小而受到惊吓的心灵，亲密度+1，留念。,0
凌点的万达地下停车场不要太恐怖[惊恐],0
你们说我的桌子怎么就够用了！怎么就能够用了！btw，元铁真难喝，跟喝血似的！,0
每次工作量大的时候，负能量就爆棚,0
双十一买的东西到了，你们说！冲着这包装我是不是该给卖家一个差评！？,0
这个高英课，真的很恶心……我已经很久没有上过让我那么上火的课了,0
RMIT的学生和教职人员来自不同的文化及社会背景。,0
短暂的痛苦是为了更长久的快乐幸福，为什么要贪图如此虚无飘渺的微弱感情呢，走了，散了…以后自己一个人更加健康快乐…,0
熟悉我的朋友都应该知道吧？个人比较钟情于数字22，尤其是2月22日这一天，原因我就不具体说明啦。刚手贱去瞅2016年的2月22日，天啦撸，竟然是正月十五，还是个星期一。更不能忍的是，下学期就是2月22日正式上课！噩耗啊……,0
说起来我只是骂他身体不舒服还去吃冰对胃不好，他居然跟我解释说因为岩手请客！！！！人家请你就吃哦这个意志不坚定的人,0
刘宇霄最近喜欢玩我的号这把小炮的操作我给10分,0
突然有了负能量，突然想像我这种人做一点事都没有耐心了，读书又不好，人又散慢，到底是什么一种力量支撑我活到今天的,0
今天很忙，忙碌到有些心情不好…小发了些火…小�好心疼你会不会太累，会不会压力太大，却不敢多问…,0
每天晚上都在失眠失眠失眠烦死了,0
不该再表达了，朋友终归要生疏的。,0
天外有天人外有人#Tobenumberone#,0
雪说：“早知道要和愚蠢的人类合照，我就不下来了”,0
1点35分，刚完成PPT这星期注定是最忙的一个星期，赶策划，做PPT等等好累好困，可是过得挺有意思的,0
我可以用生命的报酬来换取，但，却因其他外界的顾虑恐惧着这份情感……有时候，换来是属于自己的，内心更加恐慌…只能远远看着，近触又害怕着（没错，我说的是一张画）,0
天在下雨，奔跑的路上手机跳了舞，心在滴血,0
放学后去同学家玩，看到人家养的宠物蛇，爱不释手……,0
在学校期间最好的消磨时光方法就是去ole.BLT买各种饮品根本停不下来,0
这是陪琴妹度过的第三个生日琴妹生日快乐琴妹生日快乐琴妹生日快乐爱你一万年么么哒,0
不知道在干嘛，好傻，总是不按照原来的想法,0
洛阳的交通越来越糟糕了，主政者在干嘛，天天不作为,0
饭局什么的都去死～我TM只想回家！,0
可烦可烦了，这日子过得。。。。太恼人,0
早上骑摩托上班冷成狗啊啊啊啊啊,0
下雨☔，天天都在下，每天回家都要洗衣服敢不敢停两天让缓缓呐？我们家水费这个月已经超标了,0
无论是对过去的耿耿于怀，还是对将来的惴惴不安，都是在挥霍现在。珍惜眼前，活在当下！#hi十月#,0
我和我的倔强有种你就别粗来不。找。了。。。,0
全场九十三分钟，唯一一次进球被吹无效。十一年前踢的7:0，香港花十一年追回来7个球，中国还在原地踏步踏。佩兰可以滚回巴黎去默哀了，拿中国钱不办事的傻逼。俄罗斯世界杯不用想了，普京对习的邀请就当没听见，反正也没脸了。,0
而南半球含煤率低，仅澳大利亚、南非和博茨瓦纳发现有较大煤田。,0
电影真的越看越精彩，现场笑声真的阵大过一阵,0
你们这些小婊砸，毁了宝宝的推门课，我也不会让你们好过的,0
今晚《一站到底》，选手王泽南送给好哥好嫂一幅自己写的诗，看完好哥好嫂的反应坑君都惊呆了,0
注册完了！准备和外国人一起疯狂一次！,0
“A博士的行李箱Ⅳ组合方式目前只有“冰雪暴君的毛发一个线索道具暂不能合成。,0
楼上巨烦！臣妾想看个游戏王都他妈静不下心来。楼板要要塌了,0
觉得自己急需大哭一场发泄一下情绪，兰州啊～兰州，快点下场大雪吧,0
工程完工后，韩电电器将一举跻身冰洗“300万台家族，变身为大型专业冰洗产销基地。,0
这个世界是守恒的，你付出的点点滴滴都去了该去的地方。那些你爱过的人，总会在平行时空……爱着你。�晚安吉祥,0
感谢好友博学多才的书画家蔡仲萧先生的生日礼物。好漂亮的字啊！,0
不折磨自己会死！这是什么病！该想事的时候大脑一片空白，不该想的东西却总是在脑子里徘徊！已疯！,0
赛车道以北便是射箭场和打靶场，你不妨一试身手，亲身感受一下“弯弓射大雕的豪气。,0
笔记本开不了机怎么办。没办法只有上楼用我爸的，我很是怒气冲冲。开不了机，要你有什么用。机到用时方恨无,0
天天问男朋友找了吗男朋友找了吗真不知道有什么好问的不喜欢被问太隐私的问题。一开始还很诚实的说没有后来就回答快了快了现在直接回答说找好了真不知道有什么好问的关你屁事啊,0
2011.05.24利特推特更新翻译蔚姐文字版：亚洲巡回，韩国3次，日本3次，中国北京、上海、青岛、广州、台湾3次，泰国2次，菲律宾马来西亚新加坡越南，更多的记不住了这些地方公演的时候都下雨能令人相信吗？简直了是吧？...啊...好可怕..,0
况且他对发明者一视同仁，不会因为某人没有科学背景，就错过一种大有前途的新材料。,0
宝石是最能衡量爱情的东西，它纯粹，干净不含杂质，并且还非常的坚固，如此美好，你拥有了吗？,0
闹腾了一天！爸比带宝贝出去转悠并打包晚餐去了。现在耳畔还''嗡嗡''作响！惊喜的是今天居然象小大人似的,0
难过上了大学两个多月来学生会的事忙的让我似乎与微博隔绝了,0
认同性本善的人，早晚会在一次次憧憬和美好构图的失败中对人性失望。,0
作为一个程序正义的信奉者，看到这段，我慌了，竟也想不出如何反驳他…,0
贺电！不过新队服这颜色。。。⚽⚽,0
说好的红尘炼心怎奈何头昏脑胀我只想简单些简单些再简单些,0
智齿是怎么拔的？看完后简直吓尿了！知道牙医有多不容易了吧？,0
b、水解产物对水中悬浮物的优良架桥吸附作用。,0
我要向战斗在快递行业第一线的同志们致以“双11”的问候：能不能快一点点呀！,0
死记性，怎么就除了吃喝拉撒睡什么都记不住呢。一天天的不是忘记这个就是丢了那个工作就不能长点儿心真是猪脑子猪脑子,0
这天也真是够了敢不敢阴的再久一点霾再多一点,0
酒桌上最牛的对话，哈哈哈笑傻了！,0
恋旧，也许是看不到现在而心慌，也许是过的不开心而想念。我究竟有没有点智商？？？,0
今天一觉醒来就可以收快递收到手软咯,0
简直太能装！不就是闭眼罚球么，队他来说再简单不过了~,0
2010年12月，人和撤镇设街，为加强城市建设管理，对行政区划再次调整，新增人和、桃园2个社区，行政村相应减少到9个。,0
大学居然还断网？这是什么意思？自己花的钱难道就干了这了？！！不服啊！！！,0
土鸡自不量力，在大国之间玩左右逢源，先把自己玩死。普京不需自己出手，只要像美国支持伊拉克库尔德人那样支持库尔德工人党，土耳其必一分为二。分裂土耳其，是不是大佬们早已有的设计?,0
卧槽那个消防海报今天出现在我们寝室大门的时候我彻底震惊了。尼玛还没等我晚上下手就遭撕了气死我了气死我了是哪个撕了我源哥？！,0
咋都恁不靠谱了啊...啊...,0
凡是离开的必然本就不属于我愿你不离不弃,0
已经第二晚上做这个梦了，希望今晚睡觉不要再做了，经受不起,0
我的天好可怕我还没买过D&amp;amp;Gsephora已经全部下架了？？？吓得我赶快买了点…好了我要去收那盘眼影了⋯⋯土豪公司好任性。销毁……,0
在超市偶遇到男生帮女生挑选卫生巾,0
不懂他们的情调。真的老了跟不上年轻人的节奏啦！,0
呵呵！用过的抱枕你也偷！又不是啥好抱枕,0
还用着note4的我战战兢兢……稍微一热就害怕boom[哆啦A梦汗],0
不和我说我以为你们很好和我说我又害怕又担心解决不了问题,0
公司新来了一位财务总监，原来的财务负责人要求到税务局把财务负责人变更掉，财务总监竟然不同意，说什么他来的时候就已经和老板说好只是分管财务，不改变公司原有结构,0
昨天热成狗！今天好不容易开了空调，结果我们办公室的空调竟然罢工了，电工又请假回家了，没人会修，熬过了今天，还有明天，后天。。。。,0
1922年7月15日，在西集的一次遭遇战中，孙美珠为官军所杀。,0
最后我的欲望我的喜怒我的无辜我的满足我的所有都不能实现,0
同事说，我，比来公司的时候，长扁了很多,0
老妈出门遛狗，差点把狗狗丢了！还好，虚惊一场,0
侈：奢侈时天下承平日久，自王侯以下，莫不逾侈。,0
境内山脉均系吕梁支脉，东南隅石头山、海拔1710米，为县内最高峰；,0
大清早的又去工地，还要走这样一条可怕的路。看，就中间那个用砖墙！好长一段，我好怕，但还是要走……幸好今天没穿高跟鞋。最后，就是一脚的泥……,0
特么的老子一晚上都耗在注册检验码上了这么多短信倒是让我收一个啊淘宝，天猫，就特么连12306都不行这是集体造反哪,0
它们的食物尽是一些身手敏捷的动物，如鱼和海豹等。,0
一盏黄黄旧旧的灯时间在旁闷不吭声,0
园里的午餐，这个点居然没什么人…,0
2形态特征多年生常绿草本，高14～45cm，全株有毛。,0
另外由于使用化肥造成的农产品质量问题，越来越被人民大众所重视，其销售量正在逐年下降，所以“LJ生态有机肥以质量优势，必将逐渐取代化肥。,0
新技能！没起床在被窝就把被子铺好了！哈哈,0
以前看国足球赛成绩上不去，还怪国家老爱换洋教练，花冤枉钱啊，今天看球算看明白了，就国足水平差的说法根本不存在，教练的布局合理与否才最关键，让一左路球员打右路能发挥好吗？今天场上球员应该踢的都很憋屈吧，佩兰你可以下课，下课，下课,0
39天90％×90％×90％×90％×90％＝59％又开始毫无预兆的成宿成宿的失眠了。说好的早起呢,0
我最讨厌的事情就是，不经我同意把我号码给别人，任何人都必须经过我同意，包括我父母,0
还是华为够可以的，也被华为的荣耀4A吸引了啊！,0
一上午的时间被青银高速的事故吓傻了[惊恐]，还有跨海大桥的特大车祸，好多人竟然是因为一边看海一边发朋友圈惹得祸，现在一边开车一边玩手机的太多了，不追尾是偶然，追尾是必然，注意力不集中就追尾。前面的车可倒霉了，不光会开车，还得会躲[汗]，望所有出门在外的小伙伴们路上注意安全，一路平安,0
每次看到那种新闻和底下刷三观的评论就觉得我们的国家和人民是多么落后…真的很失望,0
#吃喝玩乐切#自制麻辣火锅，冬天一起吃火锅才过瘾！,0
等了好几天的眼镜框居然把我和另一个人发串了,0
我今天才知道原来白百合结婚了，而且还是和陈羽凡,0
今天好不开心，不知道怎么了！非常的不开心，决定不吃饭了,0
感觉每天都好累都有你们陪我，很开心,0
未知看片/劇計劃：剩餘4季madmen尽快看完，補Fargo，尼克病院.重溫賈木許所有長片.補法斯賓德未看片目.著心挑選80-90年代好萊塢Chickflick.冬日來臨，也想看洪尚秀.,0
爱是一场催眠，醒来之后你被谁吸了灵。这就是为什么爱过之后，总觉得不仅失去（他，她）也失去了一部分自己。被爱的人总是掌灵者，去爱的人反而失魂。在每段真心付出的感情中，总有一个人献祭了灵魂，收获了残忍。,0
2人物的崛起年仅11岁的曼陀菲尔在1908年参军，进入位于纽伦堡的（Naumburg/Saale）军官学校第9预备军官学员队（cadetprepcorps）学习深造。,0
LOS红灯，宽带外部故障，感觉被世界抛弃了。,0
感冒停五天的后果就是一切从头再来,0
大清早更新下头10条全特么是心灵鸡汤！微博越来越没劲了,0
看了天大学姐的履历，太恐怖了[惊恐]Iamnotthespecialone，睡什么睡，赶紧起来！最近太浮躁了，不好不好，要沉淀…北京·北京航空航天大...,0
不想爆粗口～我只想说我TMD得罪谁了，凭什么对我摆臭脸，你以为你老几～～,0
�对哦还有ipad呢！怎么把它给忘了！一起上,0
大部分人，大都习惯了在周遭旁人林林总总的故事中扮演路人甲，从三叶虫进化到灵长类，生物对安全感的追求决定了一些自然法则乃至社会生活法则，故而，在庸常的生活里，难得事与愿违。,0
等快递等得心焦死了，一直显示正在揽件正在揽件..要揽到什么时候,0
突然觉得美国好可怕东岸好可怕想回家,0
肚子还没怎么大起来，就每天翻来翻去找不到好的姿势,0
"释怀却需要淡然的心态和勇于放下的态度、内心的强大使我们学会了承受。内心的空灵使我们懂得了释怀：承受使我们强大！释怀使我们无敌、人生不仅要学会承受。也要学会释怀……行至尽头再回望；人生不过白云苍狗,有些人其实不必等；有些事无须太较真……",0
营养学这三个字已经让我的心凉透了，让我疲惫了好几天，就是没时间做其他任何事，今天从三点一直做到十一点我都快和电脑结缘了，我的头发乱到像刚打完仗回来一样，后来一看我的脸老了不知多少岁,0
不知道从什么时候开始，变得做什么事情都心不在焉，没有想法，恐慌，大脑时常处于一片空白状态，没有丝毫的理想，追求，感觉到自闭，不愿与害怕与别人接触，差不多与外界的交流只剩下一部手机，多可怕的事情，懒惰吞噬了内心，亲手把自己变成了不改变成的样子，突然感觉这样的人生有什么意义。好累…,0
从以前害怕一个人睡觉到现在享受独占一米八的大床；从以前害怕走夜路到如今的不再惧怕；从以前面对电路问题就懵逼到今天遇见基本电路问题能默默解决……不论生活给予我什么，我回报以温柔。我相信，坚强温柔的内心会是我最好的化妆品。,0
梦见初中跑操，掏出红领巾要系的时候，突然发现，这特么的跟打领带不是一样样的吗,0
你抽烟的姿势越来越熟练.爱人也越来越随便.从当时的三杯倒到现在喝不醉.这是堕落不是成长.可是没人掐掉你手中的烟.没人给你一个家.没人替你挡掉手中的酒.说白了.除了孤独和酒你什么都没有,0
我是个受害者好吧又不是我做了什么坏事我还得偷摸的？,0
�见过瘦的快的没见过瘦的这么变态的���一天4.8斤,0
现在的教练车也能开出来喝酒了吗？习大大的监管下也敢,0
真是够啦己所不欲勿施于人！！！,0
我比较喜欢现在的自己不太想回到过去�,0
他迅速地对“心匣子中的老渔夫吹了一口气，老渔夫浮出水面，并被江浪推到江滩上。,0
下雪天和火锅最配。头天晚上说想吃火锅，第二天男神就带我去了晚安☀☀,0
我想我该换换脑子了，一天也不造在想些啥,0
郑城后村位于山东省临沂市郯城县郯城镇中部，西临205国道，现有村民159户，565人，全村总面积518亩，耕地面积328亩，其中蔬菜面积35亩。,0
一点也不想起床，困死了困死了！！！,0
我所有的自负皆来自我的自卑，所有的英雄气概都来自于我的软弱。嘴里振振有词是因为心里满是怀疑，深情是因为痛恨自己无情。这世界没有一件事情是虚空而生的，站在光里，背后就会有阴影，这深夜里一片寂静，是因为你还没有听见声音。,0
种种迹象表明，虽然存在着各种争论，但房地产行业在中国经济中的地位仍然无法动摇。,0
不上课又没有Wi-Fi的日子，好难过,0
注意力不集中，控制不了自己好想跟闺蜜出去兜兜，不想一个人待着胡思乱想,0
“我连自己是什么人都还没看清，为什么要匆匆忙忙谈个恋爱祸害别人呢？说白了就是我喜欢的人看不上我，喜欢我的我也看不上，人都是这样吧，永远都是得不到的才是最好的吧。”嗯，就这样吧。,0
左边的是我姐姐，真的真的真的很漂亮如果有一天能像姐姐一样就好了,0
利物浦伯爵原名罗伯特·詹金逊，其父查尔斯·詹金逊曾在老威廉·皮特政府中任过15年商业大臣，1796年被封为利物浦伯爵。,0
练车练的好差阿，越练越差，越练越差，练的都灰心了,0
唉心疼也没有用，我们这边着急也没用，只希望wuli宝宝能好好休息一下，异国他乡的一个人唉还是心疼_(:_」∠)_看的眼泪都要下来晚安，两个大宝贝大家都要好好的睡一觉小哥哥明天就会好起来的,0
法律是不是该改一改了！这种人就应该拉出去枪毙！盼这么轻对得起那个女孩吗,0
我有孤独和烈酒，你到底要不要跟我走,0
对群众举报反映的问题，及时予以查处。,0
屎鬼TM，快還我y5啊！真是tmd,0
该州的北部为大湖平原区，面积广达该州的四分之一，其地势平坦，部份地区紧邻密西根湖。,0
十一月快点过去下个月我想开心点儿,0
今天我也是醉了~几公里的路抛锚了N次,0
按圈里人的行话讲，耿咏演戏没毛病，自然，流畅，戏路宽，可塑性强，演啥像啥。,0
朋友圈看北方的雪，看哈尔滨的冰，看南方的春。这里在下雨。职业生涯中对我影响最大的同事后会有期啦,0
2011年，我在果壳网发起了一个系列活动“万有青年烩。,0
好好得半天就被这些负能量的破人事物给毁了，书也没背成。我还得上9下8呢，各种困累烦烦烦烦，烦死了碎觉,0
“你对别人很渺小，但对我来说，你就是我的世界““放屁，你怎么知道她不是我的世界”“”,0
昆明南部客运站的恐怖事件，守门人员结双成对，肆无忌惮提棍殴打来行车辆，何其恐怖，真令人心惊胆战。|昆明·昆明...,0
要像SB一样静坐1个半小时白白浪费了一晚上不睡太耽误事了！！！,0
完啦完啦完啦，怎么这么快就结束了,0
可不可以不要那么蠢逼别人都看破不说破就你傻愣愣的问问问,0
化学作业啊啊啊啊啊！！！→_→,0
每个月总有那么几天，不！想！做！女！人！,0
1945年11月，鲁中军区主力第3师、警1旅、警3旅大部调往东北。,0
当年少的梦想尘埃落定！才知晓、远方有多远、牵挂就有多长……当走过那么长的路！那么多日子如落叶般撒在身后；忽然发现、原来许多梦想都是可逆的。比如，年少时念念不忘的远方，一旦成行……却还原为今日思乡的惆怅……,0
用美颜相机拍得都不像我了…睡了！,0
每次坏的都次次准确，好的没一次对的,0
总觉得哪里不对，心好累，难以平静。,0
觉得最近大家不要惹我，有好吃的主动送来，这样或许心情能好点，要不然我见谁咬谁（并不是为了吃，只是心情不好）,0
雨夜横穿马路的人真特么是不要命,0
雪中送温暖不过天这么冷买杯可乐还加冰是什么鬼哈哈新品不错虽然也忘了要酱�,0
每次上完专业课都有一种想打老师的冲动,0
因为形近，有人误将“米花町与“糀町混淆。,0
静，我宁愿你现在就不要那份钱，快给我回来，姐姐和家里人担心你。你快回来吧！我知道你也很着急想快点回家，你今晚记得没车就打的回来。,0
�出嫁妆�祝福新人早生贵子！幸福美满！,0
暑假在埃及的时候有段时间住在海边，屋里太热每晚就睡在沙滩的躺椅上，听着红海的海浪声睡着。当时用手机录了好几分钟的潮汐的声音，想着以后睡不着可以听听，结果发现音频在原来那个手机里，而我只备份了照片real难过,0
有些事情实在不想做，却不得不去做，为了生计，为了温饱，为了养家糊口，哎，再不想动也要开工，所以人从出生开始就是不平等的,0
真开心。。。我真像个鼻子上带着红球的小丑,0
运动除了可以减肥，还可以延时吗？,0
下午打开天猫魔盒，视频软件除了VST全聚合消失外，还有银河荔枝，兔子视频，芒果tv。晚上再打开就只剩下芒果tv了。讨厌死广电总局了！,0
ww的早餐小米粥，芝麻糊，黄心红薯，鸡蛋。粥煮的越来越好了，芝麻糊里加了妈妈炒熟的黑芝麻，黄心红薯没有自己种的好吃，但是也很甜。,0
回来的公交车上.才发现一车的老头老太.除了我一个…他她们都是去哪儿了呢,0
窗外凛冽的寒风在放肆的咆哮，冬天也将正式的到来,0
公主病�已改不了啊喜欢粉红没理由,0
为什么，都两天了，edg三少还是在热搜榜上=_=?当然了，我也很想黑他。说一句“技不如人”、“我错了”之类的很难么？！,0
平时一位温柔美丽而不失甜美大方的工作者少女因天天打电话约不倒客户即将要被遣送回火球不要管我我要用意念发功燃烧一会,0
流氓软件太尼玛烦人了，浪费了我一下午的大好时光怎么弄都弄不掉！！！！卸了以后它自己再安上，我他妈有一种被强奸了的感觉！真他妈想说一句你妈炸了！！！,0
堵车啊堵车，说好道路升级呢，没给带来一点好处，只有添堵！,0
11年这个瑞丽时尚先锋的内页，我也不太会修图，效果不好，那时候电子版不像现在有渠道，甚至微博刚兴起，都是糊扫或者抓拍，比较暗，尤其噪点多，包括现在扫描也是，这也是个人不喜欢扫描版的一个原因,0
一帮女人叽叽喳喳，好多只鸭子飞过,0
枕头人真讨厌！！我快递都没有取呢？,0
我以为，经历了用我卷二结局，我应该会很少再为故事有这种心情，看了小兔的成长日志，却又一次有那种心脏被撕裂的悲恸。还好，现在的你们都无比幸福，过去的就让它过去吧。我拼命忍住眼泪，不行，忍不住了,0
全镇陆域总面积31.5平方公里，耕地面积7830亩，东西两面海岸线总长18公里。,0
最近心情可谓是太?糟了，一切都砸了。,0
孙权的妹妹孙尚香与鲁肃用激将法坚定了孙权抗曹的决心，并且把周瑜召回，主持抗曹。,0
心之何如，有似万丈迷津，遥亘千里，其中并无舟子可以渡人，除了自渡，他人爱莫能助。——三毛,0
依稀记得小时候，爸妈总是在八九点钟，电视剧还没看完的时候，就催促我们去准备上床睡觉，然后小时候的我们，因为害怕还不能违抗父母，哪怕心里一百万个不愿意也会乖乖上床把眼睛闭上。这一觉啊，没有噩梦，没有思念的人，没有被眼泪弄湿的枕头，可是不知怎么，那样的日子，再也回不去了……,0
小事情被我搞砸了！需要自我检讨！检讨再检讨,0
两巴掌现实的耳光啪啪扇在我脸上粉红色公主梦终于破灭社会大学给我上的第一课从今天开始成长,0
真特么不爽！想骂人！卧槽！！！,0
费劲的做了半天，就会挑刺，你敢说，我也敢说，才不惯着你，嫌不好就自己弄～气死了,0
又好长时间没来看看了，最近发生了挺多事，自己好像生活的阅历又增多了，悟到的东西也越来越多…好累，为什么不能简单点呢，都去他妈的吧！,0
婆婆走了妈妈终于能帮我来带小孩了～太幸福了，我只要起来吸奶就好了，换尿不湿、洗屁屁、哄睡一条龙全是妈妈～,0
只敢报警……害怕.jpg想了一下我怂了这谁敢上。。。。。阻止了也没用吧otz好可怕啊啊啊啊啊这tm的谁敢上刺激卧槽,0
新闻里说，2014年全年的快递数量是149亿件，而今年双11活动，快递的数量就达7.8亿件！,0
这两天的皮肤干燥起皮粗糙泛黄偶尔飙几颗痘，好想哭,0
嘟嘟15日傍晚开始发烧，16日带去看陈医生，猜测是幼儿急疹，晚8点塞屁股退烧药，17日凌晨1点烧到40度，吃布洛芬，温水敷头，精神还可以，睡不安稳，抱着睡着，脸和红富士一样，宝贝赶紧好起来浪,0
低血糖真恐怖[衰]去医院看刚做完手术的大姨，重症监护人员密集还不通风，进去待了没有5分钟就感觉难受，还没等走到门口就直接晕倒在了地上…紧急救护，心率低，高压只剩80[拜拜]第三次了，真吓人[拜拜],0
我就想安安静静准备考试怎么就那么难！！!本来就是被报名，找个人代课说的那么轻松，整整十天课我去哪找人代！！！雇人上一天课至少五十，为这个破事花500值个鸟蛋!!！天天催去上课，影响我看书的心情,0
（三）经济预测部每个工作日发布“每日经济快报及“因特网快讯。,0
"今日最早的班次,本以为很闲,但是···不尽人意,有个没用的开发票居然开了张空白,下个月又要签罚单了,超郁闷,还一口一个说一般都是抄的人看的,看你妹,你妈开发票你眼瞎是吗！此刻我只能在背地里骂她,骂她,骂她···恨得牙痒痒。",0
现在的愿望就是想好好睡一觉。没人吵没人闹马勒戈壁,0
做了一个很可怕很可怕的梦，在海底陪伴我好久好久的一双手挣脱了我，哭到无力无助……惊醒。最近一直被各种噩梦惊醒。,0
卧槽。。钢化膜摔烂了。。手机还摔个缺缺,0
无比烦躁的一个上午终于过去了，从没见过如此暴躁的自己…跪求不要有人再请假，顶班这种事情真真是够了…一个萝卜一个坑，做好自己该做的事，不要再给人添麻烦了，我代我全家谢谢你们,0
质体区别物质比物体所表示的范围更广。,0
11月17：什么都想做，什么都做不好,0
嗓子疼许多天，姐先打来哒，哈哈好开心。,0
激光武器经过三十多年的研究，已经日趋成熟并将在今后战场上发挥越来越重要的作用。,0
你是有多自信，才会觉得我是喜欢你的？,0
在没有冬天的日子想念冬天。降温有点小激动呢～,0
今天我的航海之旅顺利启航啦…房间很舒适，�自己私人的阳台，开门看见美丽的大海…,0
忽然觉得身边的一切都变化啦！怎么我还没有改变,0
都是我小区的流浪猫，它们很黏人，见到人就可怜兮兮地喵喵叫跟着，甚至一起搭电梯，想跟着人们回家，它们想要个家而已，怎么这么难。,0
深深感受到了国庆的可怕[惊恐]车站人多，汽车晚点，路上堵车，回家路途好艰辛南通·长途车站,0
该函数转换WM_KEYUP和WM_KEYDOWN消息为WM_SYSCOMMAND消息，并把它的发送给相应MDI子窗口。,0
毕业于成都工学院水文统计专业本科。,0
以后一个人住就只要一张床一个柜子一个桌子什么逼玩意都不要,0
求中500开炉石卡包，宝宝天天从早输到晚对这个看卡的世界失去了信心，宝宝心里苦但是宝宝不说,0
秋天真是一个狠上火的季节！！！,0
采访记录（节选）南都：这场指控您抄袭的风波，对您的生活和学术研究有没有影响？,0
微博推广怎么贵了，我记得之前都是凉快多，现在要五块了,0
"巴哥你肿么了,这逗比的状态还能正常回来么？",0
如果分手后，你满脑子都是他的好，也许这场恋爱是美好的，或者你还没谈够。没心没肺的面对外人，撕心裂肺的深夜哽咽，我一直觉得我是个矛盾体，非要装作强者，非要生的笑脸，非要让别人觉得自己没心没肺。想要改变，做个表里如一的人，却发现它已经成为我的保护色，深入骨髓……好累,0
你所做的事情，也许暂时看不到成果，但不要灰心或焦虑，你不是没有成长，而是在扎根。早安（学生整理嗒，膜拜了，你真的不是美术老师吗？）,0
烦到死，平时我自己收钱唔会多一毫又唔会少一毫，今日俾距收就少甘多心情超差,0
禅宗（禅）。六朝达摩少林寺壁观，以禅法教导慧可。慧可从达摩6年隐居天柱山，传于僧璨。僧璨隐于舒州司空山，传法于道信。道信坐禅双峰山30多年，传于弘忍。弘忍建东山寺，其“萧然静坐，不出文记，口说玄理，默授与人”之风，开佛教之禅，对后世禅宗影响甚大。禅宗分出北宗神秀与南宗惠能五家七派。,0
拼了老命的走，都没有赶上公务车,0
5s卡出翔用下巴打字的吃土少女求换6s,0
刚刚舍友在说她家的龟“我们家的龟，冬眠，放在冷冻里”全舍震惊,0
惹�好想回去，可是今年寒假超短，才41天�不过比起大一还好�他们3学期制，比我们晚放一星期�,0
今天和他部门的小干事一起玩了狼人(*¯︶¯*)宿舍关系变得有点微妙(･᷄ὢ･᷅)不晓得为什么晚上去阳台晾衣服的时候突然有点怕怕的以前看过的恐怖小说的桥段在脑海中闪啊闪深夜的校园好可怕(｡́︿̀｡),0
【感情受挫会改变你的性向，】流行用语中、你觉得下面三个哪一个比较有趣呢；【A】TEXI(太可惜)……【B】FBI(粉悲哀)、【C】乒乓球(赫赫叫)，（解析如图）。,0
昨天发了一条不合时宜的短信，真是丢脸，但还是蛮有韵味的啊…@黄备临不好意思啊…,0
(4)未见磨光的石器和陶片之类。,0
大清早的又哪路神仙打骚扰电话来啊？居然显示俄罗斯、哈萨克斯坦的。,0
和那些没脑没素质没品的人说话，真是费神费心费脑筋让我冷静冷静再冷静～,0
女人你要有时间成天抱怨自己嫁不出，年纪大了没有依靠，你不如从现在开始多努力学点东西，把工作能力发挥到极致。这样即使你嫁不嫁人，你都没有关系。一个女人当她能够掌控她自己人生的时候，她嫁给谁都不会畏惧，都不会惧怕，都不会因为谁不要自己而难过。感情这事是人生中小事，经营自己人生是大事！,0
拖延症已犯，正经事请勿在此期间委托,0
礼张村隶属于浙江省金华市浦江县岩头镇。,0
007的BGM出来脑子里会冒出阿汤哥的BGM���结尾阻止发布又想到终结者里面阻止天网上线的情节���跳戏真的太厉害了,0
一大早就接到满满的祝福，谢谢你们,0
负责本市除长江以外通航水域的水上安全监督、内河救助打捞工作。,0
刚刚为了宣传不得不转发一条朋友圈链接的时候我突然发现我恐惧那个形式好久了，我开始害怕了，就开始把自己包起来了，不在朋友圈里发声，也不评论，只是看着，甚至不在人多的群里说话，虽然一直也不主动，但现在尤其明显了…我可能在12月前都不会好了…如果12月后能好就是最大的愿望了吧……,0
第二十条??理事会须有三分之二以上理事出席方能召开，其决议须经到会理事三分之二以上表决通过方能生效。,0
玩儿游戏可以不理我，打篮球可以不理我，看琅琊榜也可以不理我……再见，男朋友,0
哭晕，突然发现我1月份体重70.5公斤！！！挨扎一个多月，就瘦4斤！别人15斤怎么瘦的？这怎么行啊？我已经都不怎么吃东西了，以前才是毫无顾忌呢。,0
刚刚有人把我旁边的东西撕了，弄的我桌子凳子上都是也不知道帮我弄掉，还把我凳子上踩的都是脚印，气死了，没家教,0
现在的渣男真是一堆一堆的！！！,0
"#李易峰帮你剪个头#看他的眼神，真的感觉特别的害怕，超级恐怖。,我觉得他有这样的一个发型，确实看起来非常的有杀气",0
反正我就尽力了看到别人进了就在那里说别人好过你们连试都不敢去试说个屁啊妈的真的以为你是大姐大啊,0
前两种飞机载有7挺机枪和460磅深水炸弹，后者可载920磅深水炸弹。,0
萧宅萧宅位于和丰桥（中美桥）南约30米，中市上塘6号。,0
猛地想起日在校园有首歌很好听，发条po备忘,0
被泼汤的学生会不会感冒我不知道但我一定是感冒了我只想好好的吃个饭而已,0
我发现我�健忘症，只是选择性的记着一些我潜意识里想忘记得事情，但是事实是我把美好的都忘了，留下了一些不想记得的，重复播放。BTW，今天多年不见的发小和我说，你还喜欢HelloKitty啊？我说我之前有喜欢过吗，她说我小学一年级就开始喜欢了，我怎么完全不记得了呢,0
欺人太甚偷我手机就算了还改我密码！！,0
“过去的事就让它过去吧”。朋友曾对我说“要学会放下懂得释怀”。我终究没有学会，恐怕让你失望了！或许是自己孤独了太久已成习惯。我不害怕面对，却畏惧越是我用心守护的就悄然无息的离我而去......,0
这段时间真的要被发票玩儿死了！知道后勤有多不容易吗知道吗知道吗！,0
#郑恺发飙#明星是人不是神！！！正常喜怒哀乐谁都会有，平时玩个骰子输了还失落一下呢…会把喜怒表现出来的人起码没有坏心眼，也希望大家不要看图说故事。,0
【宝骏5601.8L手动豪华型】原来宝骏560和迈巴赫S600是同一级别的,0
见红了，我家啊宝贝要来到爸妈的世界咯明天我要加油，,0
我又变成一只singledog惹,0
标准试卷试题、答案选项集中显示在同一界面上，只需鼠标点击即可选择答案，不用反复点击上一题、下一题等操作，提高答题效率。,0
草泥马，妈个鸡。还有啥脏字？全TM给我骂出来,0
刚才出房间去上厕所，妈呀冻死宝宝了，冷空气来了，注意防守，注意防守。,0
这货居然会手语！和主淫沟通毫无障碍啊~~~这货来地球的目的是什,0
万万没想到有一天会被自己喜欢的一首歌吓到,0
困的不行，正准备睡觉，余光扫了一下，感觉有东西在爬，一看没吓死我[泪]大家都睡了，没敢尖叫，立马把舍友叫醒帮我处理了[泪]本来就不想在学校住，现在更害怕了[泪]据说这不是蟑螂是臭虫[泪]困意全无[泪],0
累官肇庆知府，著有《盛山集》一卷。,0
本来今早心情特别好，准备屁颠屁颠去吃鸡蛋灌饼，可是被一上海骗子电话扰乱了心情，骗人就骗人吧他还骂人。以前类似情况我都是忍了，这次真把我惹怒了，所以我就下软件编程，垃圾短信各种轰炸他，10000+垃圾短信，10000+垃圾电话，你就等着受死吧,0
(七)组织起草综合性的招标投标政策、规章，负责对招投标活动进行综合监督管理、指导和协调。,0
眼皮跳的多厉害，我都这么早醒了@粉娃娃萍,0
今天拿这钱去买烟人家居然说这是假钱,0
昨晚一夜噩梦中……梦里洪水猛兽，穷追不舍，一直努力躲，努力逃跑，恐惧万分。害怕噩梦，周公解梦说，梦里的洪水猛兽是自己心中思虑所致，而我并不懂我所思何事？或者说，我不确定问题所在。可是这个问题甚至让我害怕躲避，无法解决，困扰不已，这，就是心魔吗？,0
原来开水还有这用处，本宝惊呆了！！,0
大号被冻结就小号来纪念一下吧喊了一晚上易烊千玺加油真的要喊吐了哈哈但是看到快要反超还是好激动反超第一时间打卡哈哈哈很棒！！,0
这不让看，那不让看，我们就看喜羊羊和熊出没好不好？,0
最近脾气不太好，一点就着…丑哭了，忙疯了,0
好奇妙的感觉，像没睡着一样(实际上是睡着了，迷迷糊糊还有点意识，而且很清楚自己在做梦)，翻来覆去的时候我都知道，后来想越想越恐怖(睡着状态的时候想)就想起来一下，谁知道身体不受控制，根本动不了，后来再挣扎一下才起来的，吓得我赶紧起来发了条微博,0
能够准确将产品中的有效减肥成分导入脂肪层，在燃烧脂肪的过程中能够避免局部脂肪聚积或不均匀造成皮肤松弛现象。,0
当不在其中时，会不自觉犯一些我们讨厌的错误。,0
最近真的不是水逆吗丢各种东西坏手机还感冒了,0
给我往宿舍里带一份饭吧，感激不尽啊。饿死了,0
4、在确定工作方法时，应着眼于最佳途径或综合作用。,0
每天这样晒我就不信自己还能吃吃吃！！！！最近胖的很呀,0
雷维埃是法国国家队的一名后防选手，主要司职右后卫，目前他效力于法国的里昂队。,0
最爱�胖子了哈哈哈哈互相自黑才是真爱,0
【李克强：积极探讨开展马来西亚-新加坡高铁建设】李克强总理23日在吉隆坡同马来西亚总理纳吉布举行会谈。他表示，将中方技术与成本优势同马方基础设施建设需求相对接，通过积极探讨开展马来西亚-新加坡高铁建设、马来西亚南部铁路建设和中马港口联盟等合作，加强区域互联互通，助力两国经贸往来。,0
首先惊讶的是灵魂摆渡2居然是在青岛取景的,0
好想快点实习，一想到要上到18周，整颗心都哇凉哇凉的,0
这是怎么了？？？，居然这个点醒来后睡不着，难道是因为你生日行想对说点说什么还是其他？？？,0
按原路返回到悬空寺正殿，用佛雕打开左侧长廊门上的禁制，穿出去在空地找到存储点，往上方进入屋子穿进去即可找到阳之剑冢。,0
16M+0D508下了一天的雨，不能出去玩，实在太无聊，吃完晚饭带诺宝去了商场里的美吉姆玩了一个多小时，宽阔的场地可以尽情的奔跑，诺宝跑的属实很快，还有急刹车，把我和爸爸惊呆了，每次去诺诺都像个小管理员，把地上的球全都捡起来，放回去，满教室就看她在那忙忙碌碌的来回跑，还得看住自己的衣物,0
有一个负责的班干部是一种怎样的体验，就是课没讲完，想占用下眼保操，人家义正严辞的告诉你，做眼保操了,0
给你的是100分也希望你给的也是100分因为我的世界只有为数不多的你们而你们的世界有着数不清的人们,0
气死姐姐了，快二是阵亡了吗，尼玛，一个半小时过去了也没上车,0
我是一个为了钱而斤斤计较的人借我给朋友是因为当你是知心的人请你不要当傻瓜#随手拍低头族#我,0
业绩小传入《中国专家大辞典》、《中国大百科当代学者辞典》、《中外名人辞典》等二十余种大型辞书。,0
电视台上发言淡定到自己都想点赞，完全抹油紧张。说得慢条斯理，逻辑清楚，我又进步了一丢丢,0
这炮火连天的，还能不能让人睡觉了,0
碰到一傻逼……无语，一大早的就为这点事跑来跑去的,0
老爸已经知道病情让我做好心理准备，当时眼泪就要下来强忍着安慰他,0
老同学变成这样，心有余悸啊,0
世界上没有所谓的玩笑话，所有玩笑都有认真的成分。多少玩笑话在真心话中说出口，只是不想懂的人，怎么都不会懂。,0
由于茬口调整等因素，植烟面积有所下降，但生产水平仍位居全乡之首。,0
真心恼了，理个发推销这个推销那个，什么毛囊坏死将来会秃头啥的。尼玛，我要是真秃了我就学徐峥。JJYY的。找个真心剪发的真难。下次不开车来剪，我就说自己穷鬼一个没钱直接堵嘴算了。,0
每天很瞌睡还失眠，这是要闹哪样,0
2007-2008年，是我对“独孤求败”的结构理解得最深刻的两年。简而言之，曾经有很多一起玩的朋友，但只有我在追逐“剑”的奥义，渐渐地就和他人拉开了距离。不再有朋友，感到彻骨的孤独。对于未知的前路感到恐惧。我深知是自身的“进境”造成的这种可怕的孤独。却无法放弃。结果后来换了条世界线，噗。,0
当我看到宋茜首页有那么蠢的人的时候，我多想去骂它蠢货,0
有些人外表看上去和火一样，其实内心是冰冷的。,0
画个圈圈诅咒那些喝酒开车的人不得好死,0
共建中心那部分被抽中消防竣工检查，要命了,0
看起来还不错～是个好地方哟，想看看照片吗？猛击这个链接,0
今天有新歌听明天有红毯看，噢，幸福来得太突然,0
丰富的β胡萝卜素和纤维可强化骨骼，并帮助预防多种癌症及心脏病。,0
iOS中要实现UITabBarItem与其控制分页中的navigationbar标题不冲突，着实费了一大劲儿，好不开森,0
可怕的人流量，可怕的挤人技能，吓得我再也不敢坐客车回家了,0
如果日子过的太清闲那么你的钱包就会瘪瘪瘪……11月伤不起……网购伤不起,0
  2006年3月，Támar跟随Prince及其他的乐队在费城、华盛顿、亚特兰大、迈阿密等地举办了几场小型演唱会。,0
傻子骂我是狗真讨厌，知道我是脱团狗也不能说出来呀，好像自己不是一样汪汪汪！,0
嗓子不舒服开了一堆莫名其妙的药、我感觉要中毒了,0
我们不是因为一件事情就失去了部分勇气而且明白到一个道理慢慢来也许更好如果秉持认真态度,0
以前一直对站长默默崇拜想说他要是能跟我说两句话就好了哪怕是在群里哪怕不用做朋友每次给他发邮件交“作业”都战战兢兢生怕格式搞的不好他看着觉得我残发完邮件后想起来一个错误没改自己懊恼的不行现在呢站长发过来微信根本不想回永远记得麦姐那句话当你长大就会发现羡慕别人是在浪费时间,0
研究生毕业论文题目都让我忘了！！！这心大的,0
只有想不想你可以选择快乐或者忧伤�,0
全是人全是人密集了恐惧了[惊恐]，这种日子最不适合下楼，不下楼不逛街…深圳·人民南,0
啊啊啊啊啊啊啊……妈的……走不了了,0
鼻塞喉咙痛牙痛耳朵痛后脑痛我选择死亡,0
有一种爱情叫我觉得你挺好，你觉得我挺傻……我想结婚，你嫌遭罪，迟迟不提，我心憔悴，若想退货，呵呵，绝对不退,0
听恐怖推理小说，给我造成了一万点的伤害[惊恐],0
上完晚自习回宿舍居然发现我有个神一样的舍友。居然会修充电宝,0
一部小说看得我哭得肝肠寸断，唉，虐心啊虐心,0
气死我也！花了400多买的毛笔竟然不好用，分叉分叉,0
好后悔那天和你吵架。早知道你不在身边的日子这么难熬，相聚的时候就省着点过了，真不该浪费在吵架上。好想你呀,0
睡醒后莫名的悲伤，因为做了个很悲伤的梦，但却怎么也想不起来梦的内容…,0
[星星][星星][星星][星星][星星]，#釜山行#第一次看这种片，刚开始不知道是恐怖片啊，又想看又害怕，整个剧情衔接的超棒，深得人心，演员的演技也是实打实的强。就是想问丧尸搞得这么恐怖是后期制作吗？看花絮根本没看到这幕,0
今年的生日農历和國历都是同一天，18年一遇吖！,0
习惯每天早上起床，洗个澡。不管昨天有多么不开心、难过，都已不重要。新的一天开始了，这就是我的成人礼！,0
最可悲…小的时候利用打骂把孩子管教得唯命是从，压制着顽皮的天性，有一天孩子会长大，无法再用打骂管住他，当年管制的胆怯根深蒂固，抵触又不敢反击的矛盾心理日渐增长，所有的积怨都会蹦出来，外界的委屈唯一敢释放的只有父母，害怕孩子抛弃自己一味的迁就，默默承受，发泄后自责和悔恨折磨着，，,0
转专业新搬来两个，踏马打呼震天响，中午睡觉也打呼，床都是震的，老子忍不了了！！！天天惹得老子一肚子气！,0
卧槽，三更半夜骂街，什么素质啊～都活过半百了还这么看不开！,0
全员加速中，谢娜躲避太牛逼了，挂墙上了，下面就是河，你也不怕掉下去,0
谁说的数羊�可以睡着，劳资数到一千多了还精神百倍，骗纸骗纸！！！明早还要早起，救救我，我不要失眠！！！,0
这四个月的生活要单调死了票圈都是些乱七八糟的链接相册里全是表情包有刺激感的也只有取快递和喝可乐的时候好想浪起来啊啊啊可是什么都不会，要失学的人大概再也不能浪了,0
最最难看的那个居然是我做的记得按时吃饭呀。,0
想买套钓鱼工具600块拿起来好累,0
尼玛，晚上吃坏东西了，唱歌唱到一半差点给我吐出来,0
累的已经跟什么似的洗漱完坐在椅子上一动不想动连爬楼梯都没了力气真不知道那些工作狂是什么做的铁吗看来我还真是弱爆了不就是凌晨一点多才睡着然后快七点起床上了一上午的烧脑ERP然后中午去食堂排长队买饭回寝室速度吃完到床上休息了二十分钟又紧接着下来去上了一下午熬人的,0
碧水环绕，青山掩映，海天一望无际，山海天大酒店由此得名。,0
战战兢兢，即生时不忘地狱。坦坦荡荡，即逆境亦天怀。,0
#微博辟谣#该博主恶意造谣鹿晗已经对鹿晗已经其广大歌迷粉丝们造成了恶意伤害.,0
“人总需要勇敢生存”/我在想要用什么歌词表达此刻感受的时候这首歌就出现在脑海了/例如学会,0
我觉得你挺危险的怕不小心会被你甜化。宝贝晚安,0
在家乱拉粑粑！给我贴墙站好了！！,0
我试着不去抱怨生活去容忍去接受甚至于努力去喜欢。只是选择了一种最笨的的方式仅仅是沉默是离开明知说来无用不如少费些口舌。生活呐哪天你能给予我惊喜又或者仅仅是一份午夜的安宁。,0
北京奥运会结束后，奥运会志愿者工作成果转化为首都志愿服务事业发展的资源，将为北京志愿服务事业的发展提供强有力的保障。,0
居然都已经周二了。。。不是应该周一嘛,0
今天P自己去外面拍的资料照片的时候被吓一跳,0
之后在教书和音乐之间抉择，他选择了到北京发展演艺事业。,0
汉语的表现力还是超强的，甩英语等外国语几条街，单从历史沿革、文化底蕴两方面就远远远非外等可比。,0
老大这次亲自发话，再次跟我讲述跟他混有多可怕，说实话打过之后我还真怀疑老大行不行，20分钟就能打掉65000多HP，“王中之王”和“暗为万物之始”这两招演出效果又一般，但这化身要是来真的岂不是恐怖至极……DDS的人修罗都那样了！,0
下雨了，又冷又餓，肚子不舒服，要加班還要看書，突然想家了,0
要被虐死了，单身�分分钟卒不过更新太慢，我已经带着把mike的善德之源第一部看完了，简直舔屏,0
回回给自己照的可好看了给我照的嗷嗷难看大早上不让我睡觉领我逛早市女的是不是都喜欢吃这些乱造的东西烤地瓜烤冷面的还有煎饼果子,0
这是什么东东？看也看不懂，用也不会用,0
火车晚点就算了，飞机延迟真是醉了，是在空中堵机了？,0
永远都在磨碟沙这个站坐反方向，无论多少次,0
在看综艺节目，突然看到下面这个评论…我不淡定了！这种人应该人肉出来踩死一个算一个吧？！,0
广州演唱会结束了，宝宝的肌肉真是看呆了我们,0
发个微博还要换成流量！信号这么差好意思叫WiFi？,0
雨水会不会太多了点，看报纸说十一月份只有四天的晴天,0
该庙建于明朝，乾隆年间增修（曹现院内碑记），道光三年三月二十日重修。,0
暖气来了，这是一个让南方银心碎的话题~~,0
每天偷偷躲着吃早餐最近好勤快了给自己赞一个,0
汉王寨是一个古寨，东西两条通道，东面是石块垒砌的台阶，西面是顺山势开凿的台阶，南面有100多米长的古寨墙保存完整。,0
Thesupremehappinessoflifeistheconvictionthatweareloved.生活中最大的幸福就是。坚信有人爱着我们……,0
嘿，小伙伴，讲你不听是不是，又在乱花钱了,0
电脑课学做视频，本来想给盐宝宝做一个大爱无疆的视频谁知道第一次视频丢了，第二次保存失败！哦买嘎，我不同意，我的心血，我的盐宝宝，麻麻对不起你,0
買餅乾順便買報紙竟是黑白版的呃呀…,0
只是不想负责不是你不好如果连你以后都无法保障这样的人不要也罢本来对花女人钱的男人不存在好感。这种人渣,0
妈蛋天天这样堵车我天天打的这怎么得了,0
早上起来就想吐又睡了一会起来还是想吐这刚吃完饭就又想吐胃啊你别让我嫩难受了我不再作了别让我有想吐的感觉了,0
爱很简单，想起你嘴角扬起的微笑，就会感到很幸福,0
》发布会滴皂片华丽丽来啦～翰家族变身传奇家族首露面！顾蜀黍的感情线也首次曝光，今天这么大的信息量你们先来感受下！,0
看的电影没能想起任何有关的人。开车回家，电台内容偏偏能讲到，能让我联想到的他。,0
1971年调任陕西省军区副司令员兼陕西省国防工办第一副主任、主任。,0
昨天已经过去了，没有太张扬，只是简单的请几个朋友同学吃了个饭。谢谢大家的祝福，生日快乐，献给过去的自己，献给我的朋友们，虽然都在祝我拖单，但是我的生日愿望却是祝你们能心想事成，毕业找到好工作，做爱做的事，爱你爱的人，过你想的生活，我们每个人都要开心的走过每一天,0
最近突然发觉，我可能丧失了喜欢人的能力……看到他对我百般讨好，可是我还是不能对他有所承诺，也许是不喜欢，也许是我还不懂爱，也许是还没有遇到对的人……理智告诉我，他是个很好的人……可是……这种事情我都不知道要找谁去说，去问，也不知道我要怎么办,0
真的好累好累好累好累可是一定要堅持住,0
刚到家、洗澡洗头刷牙洗脸、准备�睡觉、明天六点半起床、生活好美好…,0
店里突然进来了一个杵着双拐杖的乞丐，但行走看起来并没有什么障碍，当时看到他在店里的客人乞讨，出于本能反应，去阻止他并且让他出去讨，不要在店子打扰到别人，话刚说完，立马给我甩了一个眼神，现在回想起来还是好恐怖！就好像..好像是一把枪光了他今生今世讨的钱，好吓人！心情不美丽,0
忽然想起《一个勺子》和宝强当年的树先生有的一比，但比过后发现还是树先生好看�,0
[看看]辣妈学院也站出来说荧光剂的危害了[惊恐][惊恐]太恐怖了[惊恐][惊恐]请给宝宝更贴心的呵护‼️‼️不要做糊涂的妈妈三亚,0
哥哥你答应过我们要好好照顾自己的！哥哥快点好起来啊,0
大妈啊，您这样把自动存取款机霸占着不好呀！一万一万的存，完了存累了还在里面扭起了腰，今天又到收租子的日了吧！我们年轻人一年累死累活都不及您这样来一下，哎！继续搬砖…,0
牛油果+益力多=苹果汁奶昔，哈哈,0
大清早倒胃口，作为一个贱人居然如此不要脸，做了坏事还如此理直气壮。真是大贱人一个,0
心cei的跟什么一样，超时答卷还不能保证正确率,0
越来越容易饿，吃的越来越多，我这是怎么了,0
亲们，刚才微博被可恶的骗子盗了，发的什么大家都不要信哈，千万不要相信，骗子太猖獗了，太可恶了,0
看了一下哈利波特主演的今夕对比照。罗恩和哈利不发表评论了、艾玛太女神了、金妮也特别漂亮、最爱双胞胎没有之一、马尔福和迪哥理都是男神、没想到秋张居然这么美、最接受不了卢娜居然和哈利他爸在一起了,0
旧人重见就像歌被翻唱歌词没变模样意味却已深长,0
我以为自己拼了命的让啊个人能够理解现在的我却发现自己一拼命就让那个人一误解,0
另一方面，证券金融机构垫付的差价款在多数情况下是向银行的贷款或在货币市场上的融资，这称为转融通，包括资金转融通和证券转融通。,0
可能星期一的原固。。。心情唔多好。。。攰。同好攰，同埋超級無敵攰!講過，唔好再理講咩，做左自己就可以啦！明知我見有新野，就一定會自動波整理架啦！放工先提醒你要做咩，不如你出年先講啦！真係唔該晒!fuck,0
这日剧一周更新一集是不是有点过分,0
【墨华惊叹】卧槽，世界上竟然有如此逼真的沙画，服！,0
#手机贷（借款版）#有套取客户资料的重大嫌疑。,0
那些骑着电动车还敢上高架的人你们到底怎么想的,0
什么环境就有什么样的孩子，势利，蛮横！！！,0
特别喜欢现在的自己！能安静到不说话一天，能闹到说说笑笑，忘掉所有的不开心，不顺心！在家的时候可以安静的躺在被窝玩玩手机，看看电视剧！其实这也是人生的一种幸福,0
本书是一本简单易懂，并且与实际研究相结合的不可多得的统计教材。,0
早安，外面温度那么低都有勇气起床吗要保暖偶,0
以她自己王祖琳相册(10张)的话说，对服装，她更关注品牌，包括品牌价值、影响力和未来发展。,0
第一个没有和爸妈过的生日，想回家，想爸妈。别人再好，也没有自己爸妈好,0
额(⊙o⊙)…这是在进行分手谈判么？？？,0
当你觉得你和一个你觉得你喜欢了很多年的人没有话说了，会是怎样的？,0
??加入强光抑制滤光处理芯片的网络摄像可以有效抑制迎面的强光，在夜间监控道路车辆时，能较清晰的捕捉车辆车牌。,0
这些年来，真的操心操怕了，有一点点事情就睡不着觉。头好痛没有睡意好难受。好想有一个温暖的依靠,0
我还没拍桌子我真是现在脾气好了我！！！,0
反正所有人也不能离开无路山庄，四大财神决定继续最后的赌局。,0
校园卡终究还是丢了，我只是去洗澡，然后看着它被冲走,0
看到中段分分钟想neng死约翰和伦克,0
自然，长期维持私人财务师的职位也非易事。,0
小伙伴们，今天主页菌接受11月19号（周四！周四！周四！）的点歌喔~,0
见鬼火车晚点，害我要错过回深圳的车,0
如果有一天ZN有女朋友了千万不要让我知道！！！！���,0
突然心情好差，去买点东西安慰下吧。,0
银行卡丢了，校园卡丢了，我现在钱包里就剩身份证和屈臣氏会员卡了。好凄凉,0
叫你不给我开发票！叫你不给我开发票！叫你忽悠我！叫你没有商德！叫你骗人！烂格力！不要名声的烂格力，作吧！董明珠的名声都被你们这些无良商家败光了！,0
抗寒，在青海、西宁、内蒙古和东北大部地区可以安全越冬；,0
装个HIPS，就像请了个尽职尽责的人给你看门，你告诉他，这是我老婆，这是我儿子，这是我朋友，你要放行，其余的一律报告或阻止。,0
爱情是都是自私的，没有谁会大方的让出属于自己的爱情。付出只是想得到更多的爱。,0
就没回家这么几个月，回来发现私房钱都不见了,0
作者简介李养正，湖北省公安县人，生于1925年，1949年夏武汉大学工商管理系毕业。,0
有梦想为什么不追逐，连说出来的勇气都没有?一开始就认定自己实现不了，每一次行动都带着战战兢兢的心，左顾右盼，唯恐自己失败，一直回头，一直想依靠别人，一直想成为别人，路上一路被各种安逸诱惑成功，不敢尝试，不愿尝试自己的可能性。这样下去不会给我想要的答案，试试鲁莽冲动，何必考虑后果?,0
连土都吃不起的我。。。求承包回家的机票钱1500,0
感冒了，不能吃药！好难受，哺乳期真的不neng生病哟,0
我生气啦，臭不要脸的我喊老公那个人却在我旁边睡的跟死猪一样,0
小群里讨论各种，大家说的好愁人，我只要安静的看着就好~结果。。。当问到人数的时候，我说XX人。。。大家都沉默了~嘤嘤嘤嘤你们这么没有地市州的幸福人！！！！知道我有多痛吗？！我恨你们我要退群！,0
以为会给你点什么安慰的人，一直在泼你冷水。,0
3影响收养有一些人，在家收养很多流浪狗猫，但他们与一般收养一两条流浪狗猫的人不同。,0
雾草！！为什么爸爸的豆浆粉会是黑暗料理咸咸的豆浆粉好吃爆了好吗,0
真的为什么逛个微博总能转角遇到丑婊,0
评论不了，我佳音阿姨好像拉黑我了不嗨森，我先睡觉明天炸你,0
如果你要对我愧疚就愧疚一辈子吧不然还是得了吧,0
一觉醒来，手肿了，好莫名，难道我半夜梦游跟人打架去了吗,0
日子一天天的过，才过去一半，每到这个时候情绪就控制不住你怎么还不回来,0
赶紧离开这里。烦到死！！！！！！！！！！！！！！！！！！！！！！！！,0
特别讨厌那些不懂装懂，依着自己不懂就哪怕买贵了也要穿牌子，品质好好又不贵的时尚款竟然舍弃，我也是疯了，以前做牌子的时候人家说不就是多了个牌子吗，其实都一样，你们卖着么贵，现在不做牌子了，还是拿来做比较，又嫌不是牌子还那么贵，此刻我都有骂人的冲动,0
豆浆不加糖，！不加糖！！不加糖！！！好心情被一杯豆浆毁了,0
2．看辅助电路的步骤辅助电路包含控制电路、信号电路和照明电路。,0
六个月，能改变的太多，开始，她会每天陪你聊半夜而不说一句我困了，她会因为你的一点不开心而百般哄你，现在她的身边已是有了另一个，你所拥有的，都已逝去，现实给了我一巴掌，听了那么多遍爱情转移，今天才悟懂。,0
一波未平，两波又起，去年的鞋怎么到上海就变小了啊，难道我的脚又长了？疼的我鸡皮疙瘩都起来了,0
EA-6B的单价为5200万美元。,0
为什么会有人睡觉打呼噜啊妈蛋！！！简直神烦！！！！！他妈的每天睡觉点此起彼伏的呼噜声累了一天能不能让人好好休息啊！！！！！！能不能能不能啊操！！！！！！！！！,0
嗷。上自习。被。研友。赶跑了。,0
菩提济度寺菩提济度寺(3张)菩提济度寺是内蒙古自治区西部最大的寺庙，建于明朝以前，重修于2006年。,0
成都今日艳阳高照，开心，喜欢阳光，暖暖的······,0
【酱爆笋丝】笋切丝，肉切丝，用酱油，料酒，葱丝腌制，配菜切丝；锅里放油，把肉丝滑炒出来；在洗净的锅里放油，放姜丝爆出香味，加入调好的酱料（甜面酱，豆瓣酱，海鲜酱各一勺）；酱料炒出香味放笋丝炒变色，加白糖和白醋，放芹菜丝；放肉丝，炒香，水淀粉薄薄的勾一层芡；加鸡精，淋点香油出锅。,0
爱玛！刚刚一觉以为欠我们4⃣️个月的工资一下就发了！好开心啊,0
呜呜，真倒霉，逛超市，丢了一百块钱,0
果然开开心心充满幸福的睡觉睡的最好了,0
但在一世纪前，由于茶叶价格下跌，精耕细作不再有利可图。,0
明年11月谁要再因为支气管输液谁就是孙子,0
尼玛十块钱我可以买十个玉米自己炖了都,0
第二个星期二教务处工作人员叫我去考试，还是周楠峰，想想上学期的事情心里直犯怵，然后战战兢兢给老师打电话，老师的语气让我心里更是紧张的不得了，之后问李丽娜客车到哪下，李丽娜说陪我一起去，这下我心里终于稍微平静一点毕竟有一人陪我，而且他和她周楠峰关系不错重庆·合川区,0
"扬州市吉美塑料制品厂位于国家首批历史文化名城,全国优秀园林旅游城市—扬州，是生产各种塑料刷丝的专业厂家。",0
最近事情实在是太多太多，蚊子君你就别来找我了好吗，连着两天我都没睡好了，叮叮叮，一直叮我好吗,0
0:0世界杯又再见了怪谁呢？足协真的要解散重组了、要不然中国足球是真的没希望了,0
最近老有人说我胖了，刚下肚一碗蛋炒饭，称了称，还好吧才2斤,0
我没有讨好你的天分但比谁都认真�,0
看着最心爱的她离去，心里百感交集,0
手抄荷塘月色，足足三页～腰酸背痛且，这只破笔，老是不出水是要罢工吗,0
想到之前坐我隔壁的一对母女空姐空乘来的时候就把手机藏起来一走就拿出来玩还一个劲儿的拍窗外的景色当时看得真想两巴掌呼上去拿别人的生命开玩笑这种人应该被判刑拉去千刀万剐一百次,0
最近吃饭总咬到嘴巴，而且还是同一个地方，四次了！,0
溴的比重很大，硫酸就象油浮在水面上一样地浮在溴的上面。,0
垃圾游戏毁我青春颓我精神耗我钱财,0
这几天在下雪，是该活动活动一下——一起来打雪仗，堆雪人吧早安～,0
本来想说有弹幕在我就不孤独不害怕的......还是下次叫主任放吧[惊恐][惊恐][惊恐],0
没有人有耐心听你讲完自己的故事，因为每个人都有自己的话要说、没有人喜欢听你抱怨生活，因为每个人都有自己的苦痛：世人多半寂寞、这世界愿意倾听，习惯沉默的人；难得几个。——我再也不想对别人提起自己的过往：那些挣扎在梦魇中的寂寞……荒芜，还是交给时间；慢慢淡漠……,0
你的一句简单的回复我的话语，会让我开心一整天,0
巨石强森变身大力水手波派！简直一毛一样，毫无维和感！！,0
林芝，11月24日，周二，空气质量指数：57，空气质量：良。,0
天天失眠然后玩手机到天明，这样的日子真的是够了,0
#美言美文#征服畏惧建立自信的最快最确实的方法，就是去做你害怕的事，直到你获得成功的经验[拳头],0
看到这个小朋友在看夏洛克，小朋友，你看夏洛克你妈妈知道吗,0
在北京林业大学这样的学校里住宿简直要被逼疯！晚上也突突突不让人睡觉！中午又哐哐哐地敲不让人午休！,0
啥时候这薪水能像胡子长这么猛就好了。,0
11.17--迎着朝阳，伴着晨曦，吸着清晨大自然最自然的空气.......踏上上班的路途........,0
人在做，天在看，总会被老天收走的一天…,0
这么明显的进球都没看见？？？裁判你两只眼睛是干嘛用的我可怜的大宝哥啊,0
十几年来，共培养毕业生24000余人。,0
昨天四点看完Fargo…话说我也是喜欢看这种阴暗面的，但是这剧莫名其妙让我好憋……本人没有宗教信仰，但是那种质疑God的视角和人性的电影真的,0
3建筑特色寺周围的巨石岩壁上，有线刻佛像三百馀尊，大小不一，高l.5  千像寺石刻-2米，宽0.4-o.49米，佛座高1.3米，莲座宽1米。,0
谁他妈一天也别跟我得呲就呲我他妈的谁也不欠,0
(七)审议并通过每年财务预算和年终决算。,0
"【云南特色美食小吃之——罐罐米线】这种小吃是用一个高8CM口径约~5CM,罐径6~7CM的无盖小罐子盛装的：罐子中装上米线，汤……薄荷；臭豆腐（等等）放到烤架上加热在要熟之际放如辣椒粉！精盐等调味料味道浓重，属麻辣一族的经典美食。",0
打个人机，至于吗？这么恩爱不要让你老婆出来杀啊！,0
勿忘初心，请坚持你所喜爱的一切。,0
"Day13&Day14.被一波又一波的私教轰炸让买课时，不能好好锻炼了！Anyway,seemyplants~",0
"7犯罪过程朱思宜是编制关系网的高手,在他的江湖世界,官商通吃。",0
我是久居于平庸之中的人，像瘫软的泥土，捏不出什么了不起的形状。一点奖赏总也让我惶恐，陷入自身资历与荣光是否匹配的思量之中。若不小心出了彩，也巴不得立马把皇冠让给别人才是，毕竟我不想从一片沉默的观者中被揪出来啊，哪怕是要为我镀金，那也不及躲在人群里安然呀。,0
哈哈哈英雄就眉的冲动。hero我会救出(总受)亚瑟的！,0
打联动不知不觉券都积了十几张了�跑sideM活动跑得心累这边倒是可以很放松地打event…,0
一个数学一塌糊涂的人，每天却在摸数据,0
MD，竟然没分在一起，考虑要不要弃考陪你一起,0
和妈妈聊了之后更烦了，妈妈叫我找一个清远的,0
越来越不想交际同时害怕一个人瘫在床上不想动弹还想出门每件事情都是犹豫来犹豫去每样东西都是挑挑选选并且每天都是伴随着被害妄想症度过的越来越可怕的我每天看起来疯疯癫癫的我,0
我是有病吗？大半夜肚子饿！还是在长身体？睡着了又醒了！然后饿的睡不着了！我该怎么办！今夜好长,0
若每晚醒来打开手机总能看到你发来的信息该有多幸福,0
让那些该死的人，得到一定的报应（问我借钱、骗钱的人，都去死吧）,0
刘宇：琅琊孝王刘京之子，谥“夷。,0
我下午上课可以和你坐一起吗？不可以。,0
心情很不好，发个天天快递，可真慢，这都四天了还没到手里，真他妈慢！我都快无语死了！！！！！那个快件非常加急，可是我千不该万不该发个最慢的快递，咋没人告诉我？？？它是最慢的！我笨死了！！！,0
荣格。由炼金术出发，把欲望说成是一只白鸟、当它出现时！应该一直尾随它；但不该总把它带到地面。简单来说！我们无法总是依照欲望行事：也不该如此；但是压抑它亦令是我们一无所获！,0
车辆管理所应当自受理之日起一日内，确认机动车，审查提交的证明、凭证，补发、换发机动车登记证书。,0
手一抖，把我60多本东野大叔的书删了，又要慢慢找,0
@戈壁bg4azs我的微博你都能找出来啊,0
哪天我肯定回怀念这样一个家耶有酒就拿出酒杯想喝咖啡时候就能煮想吃火锅就拿出锅打印时候就有打印机，最重要是想说话的时候就有人陪说话。呜呜写的我眼泪都要下来了,0
我一定要尽量做到不握着手机不说话就睡着这个出被窝都冷的季节我最容易犯这个毛病了你玩游戏让我硬等你等到睡着这种感觉十分不爽不爽！睡觉,0
想太多，容易自作多情，并且，想太多,0
弄乱成这样，然后某帅哥甩甩手就溜,0
起床~回家喽，回家喽，回家喽！某人，你不要想人家,0
洗鱼的时候扒开鱼嘴巴想把它口腔也洗一下，结果发现黑鱼的牙齿好厉害。牙齿特别锋利,0
通常老师找我……我都会很忐忑……这次果然不列外……外国友人来学校外术活动……让我独奏两首曲子……独奏……独奏……我还想出去玩呢啊喂,0
怪不得有对象的时候不追星，追星了没有男朋友,0
之前在iHerd买的宝贝终于从美国出来啦~哈哈~~,0
你是什么样子的人就能遇到什么样子的事情我也希望能够遇到更好的他你在哪里�,0
我的心是有多宽广让你在上边策马奔腾,0
今天很不爽啊交通卡和十张饭票都丢了心好痛啊学校还不给补饭票我的100块白白给了学校！还有交通卡我已经丢了两个就在这个学校！相克相克啊！TMD今天还妇科考试！,0
你想要的东西里没有感情sosad,0
每天都有烦不完的事。要不要活了啊,0
这样连续不断的各个城市奔波，身体真有点吃不消了，不止感冒。。脸也是,0
谁能告诉我中间那位是谁？？？我怎么觉得不像大哥啊,0
吃了个栗子把牙套隔下来了真是日狗了下午青州见,0
每晚我起夜回被窝，哥哥都会摸摸头说哥哥在呢，妹妹别怕。哥哥爱你。要冷哥哥给暖活暖活。然后用最后一丝力气一把搂紧我，下一秒呼呼大睡。,0
下午强忍着把车开回家，吐了。吃了止疼药，冲了热水袋，小胡煮了红糖姜水。MD怎么又回到少女时代了啦,0
每次的英语作业搞那么多形式创意更耗脑力好么？摄影电影脱口秀演绎舞蹈……都快赶上北电了�,0
好了，大学期间到处跑~都不知道以后能不能回来。,0
一翻照片吓一跳这真是我有生之年照过最好看的证件照,0
破公司，规矩多竟事也就算了，发工资时候告诉你工资绩效下调了？突然就少了500块钱！我还给你干个屁！,0
在同英军的一次遭遇战中，索文茂率领藏族士兵将英军引入湖沼之地，英军虽有先进的枪炮，但因施展不开，被藏族屯兵斩获百余人。,0
最近翻老图，马路口和曾老师的颜，卡鞠的甜，让我这单推卡的节操有点不稳��,0
一天之中总有那么几个缺心眼的影响心情,0
去一趟医院回来就做那样的噩梦，我真怕自己精神崩溃掉。我已经熬过一段那样的日子，再也不想回到那样，每天失眠，不能关灯，感觉周围都很可怕～害怕黑夜，一个电风扇的影子都可能把我吓到魂飞魄散。我也是人，我都需要关心和陪伴。,0
我就只是发了个心碎的表情而已老子就不能矫情下啊真的是控制不足俺体内的洪荒之力@叶大牙Yavy,0
周六回家第一件事电影院饥饿游戏这么多好莱坞电影最爱没有之一and雪境很好但返校的路途想哭还好遇上好心列车小哥给我带上其他车次列车要不买的车晚点4个小时是崩溃的and一手好广告不到最后都不知道情商很重要���,0
其实我们第一个攻击或者调侃的人往往是最信任和喜欢的人,0
同事走了留我加班，还补刀：加就加呗，你又不约会！,0
教师以中青年为主，45岁以下教师占总人数的52.5%，是一支有潜力、有活力、团结合作的优秀队伍。,0
今天派出所给我打电话，我还以为是我的plus找回了，哎……,0
儿子兴冲冲的告诉我说他写了很多字给我看！,0
昨晚去接在辽宁石油大学读预科班的大侄女回家，聊了一路，心情复杂，在她们宿舍里和整体的读预科班的学生里，新疆学生占了大概2／3，每个宿舍以2个新疆学生个另外2个别处的学生为比例，生活中，几乎必清真，吃的，用的，甚至是做吃的人清不清真都在她们的严厉审查中！每天大侄女战战兢兢，恐怕哪天不注...展开全文c,0
这一波大装修不给放假，还特么讲些冠冕堂皇的话，让我们克服困难，艹艹艹NMB。,0
真是气死了！流量被移动公司的狗吃了？！流量清零前原本1.5G的流量各个月剩余！！现在不清零了才半个月就没有1.5G，刚刚加的200M立马又没有了！！有完没完，大家顶起来！！,0
也许我们真的不合适……将就了这么久，真是眼瞎了,0
S09！！！！！！！！！骚当队JordanSmith演唱的GreatIsThyFaithfulness拉下了阿呆的Hello登顶！！！AmyVachal的HotlineBling虽然冒险但也得到了回报排在第八！！前十两个TheVoice选手的歌全是当当队的！！！！！！,0
大方向的宏图之目标，有赖于诸多细节组成的通向它的细节组距成功来实现。这就是一个完美图纸上的设计，要得以实现，要精致的材料，要大工与小工的技术高超。,0
某货发来的，激情指数竟然高达九十分请问，深井冰，这可信吗,0
生病了真的很烦躁啊半夜三更吐得我不要不要的，我真的快疯了，吐出来全部是干的，吃的撒子全部不消化都吐了，吃药三天了，不痛了半夜就来吐，时不时嫩个吐一哈我真的受不了那种真的呕心沥血的感觉，气都喘不过求求老天爷让我好起来��拜托了��,0
又发求不出去了，什么鬼微博嘛！,0
我自在的无依无靠(ps:能不能憋下雨了再下雨妈咪这星期就不能来了,0
10月10日信玄进入远江北部，在犬居城与山县昌景队会师。,0
合作运用群论方法研究量子计算中的量子等价问题，运用矩阵方法研究量子密度矩阵的可分问题。,0
你那么会闯红灯，你咋不去投胎呢！,0
陈傅良又被召回再任中书舍人兼侍讲，兼直学士院同实录院修撰。,0
1添加控件方法Inet控件不是Visualbasic程序的内置控件，必须手动加入到工具箱。,0
妈的！卖女儿么！什么人啊！说好的事又变卦,0
就因为没有驾照，小白，呜呜，不能开你,0
老娘明天要上班但老娘失眠了。。。你大爷啊！！！,0
为什么我用手机看偶尔会出现这种情况啊@爱奇艺,0
1962年，“露得清品牌香皂已成为公司一种形象产品，公司的官方名称也因此由Natone更改为NEUTROGENACorporation(“露得清公司)。,0
嘘了一个半小时，嘘的差点背气儿，娃就是不睡，要么睡着放下就哭醒，又得抱起来哄，这种日子啥时候能够结束,0
网箱采用1*2*2米的小型网箱，一般每亩可放置2平方米的小型网箱6-8个，网箱吃水深1.5-1.8米，不贴底。,0
下次真不要乱搞，被人误会，哥表示很不爽！！,0
祝我自己生日快乐，在大王生日后，终于迎接我的生日了！！！跟基友面基还有跟cp一起去参加生日会就是我最好的生日礼物,0
古乐府《陌上桑》：“青丝系马尾，黄金络马头。,0
减肥第三十九天。昨天聚会吃的有点多，肠胃不消化，胃好疼啊，我以后再也不参加聚会了，耳根子太软。胃疼直接导致没有锻炼。哎，沏三九胃泰去吧！今天体重93.9kg！！,0
失去了些什么也得到了些什么但我还是希望自己永远18✌️哈哈哈,0
7成几控球率都不打进一球、不拼点就回家捡牛屎了,0
时间不够长，新欢不够好。才能让你频频入梦,0
改天收拾收拾衣柜出闲置！太次土了,0
最好的一篇影评也许我们都是林真心也一定会遇上我们的徐太宇,0
明天打算六点起来，然后接着睡今儿想拉个晚儿，发现没的干。。好多天没这么晚睡了。。最近超级容易困，睡的也稍微早点了。好事儿。但是身上的湿疹竟然有复发哎。。脖子那一片也是。。还有脸上晚安。00:53,0
11.16各种开心事，真是个好日子，睡不戳啦,0
今天居然第一个到公司，太不可思议了！！,0
"Inthenextfrozenmonent,horrorandafraidofthatmonentpenetrated,andIwassickwiththeidentityIhaveneverfeltbefore。年龄越大各种各样的事出其不意降临在我们身边，不断的提醒我们生命无比脆弱，任你千呼万唤他说走就走。可是事情还没有做完你怎么忍心离开wakeupplease",0
什么鬼？耳机不行非得真人语音才行,0
在图书馆大声喧哗的都因该被关起来一群日了doge的,0
现在最想要的就是你的肩膀，但是你不在，好无助。。,0
打滴滴，上次遇到一个大叔，送完当晚给我打电话问我有没有空去喝酒。今天中午打了个滴滴，下午又给我发短信，问我回不回家，想捎我一程，还顺带言语撩。妈的回忆一下司机人头猪脸的外形，这么轻易有我手机号觉得特么恶心。关键还是家门口打的车，想想就后怕[拜拜]猥琐男好好做生意别吓人行吗[拜拜],0
听隔壁那些档口老板娘说机jie表听得我别扭死了，每个人都这么念，我开始怀疑是不是自己从小学错了，到底是机jie还是机械,0
开心的时候是真的开心，难过的时候也是确实的难过，欣喜若狂嚎啕大哭从来不能分开，愤怒和原谅，指责与自责，只希望不管走到哪一刻仍能先感恩。#夜深睡不着放一发博#,0
晚上从家一出来，就看到这个家伙飘在门口，吓死我了，我就想问：这是谁干的,0
请不要再盗我的微博号行吗？恶心……,0
我相信爱的本质一如生命的单纯与温柔我相信所有的光与影的反射和相投我相信满树的花朵只源於冰雪中的一粒种子我相信三百篇诗反复述说著的也就只是年少时没能说出的那一个字,0
还是小时候好玩听话，那象现在好心进她房间打扫被说乱翻东西，找不到要紧的资料了，以后不许随便进，要打扫也不能动书桌……balabala。这还是偶的家吗？这家偶还有做主权吗？？偶这地位还有木有个说法呀？？？,0
为什么就想让我学商科！我！就！不学！偏！不！学！！！,0
故孔明有言：“勿以恶小而为之，勿以善小而不为。,0
最怕冷雨夜，最怕冷冬晨，最怕冷冷冷…我要一直在南方的艳阳里四季如春。想念夏天的南澳海边，想念我的及腰长发，想念清新的空气，想念每一个晴天,0
妈的……真是弱爆了～淡定一点能死？,0
养兔促进了农业发展，1985年用兔粪种小麦4.7亩，单产800多斤；,0
清早八早的遇得到，说些话都是专门给我听的，忍了这么久终于是没忍住，一次大爆发。结果却大大影响了自己的心情,0
昨晚用着用着就没网了，怎么弄都不行，都打10086让修了，刚看了下突然又有网了，这是咋回事,0
12thDay:45.6kg！不知不觉已经吃了180粒药,0
上了三天自习，却感觉心塞塞的，会计证！英语六级！绝对要完成！,0
这三个救了我产后激素失衡造成的严重皮肤敏感，三檀油哺乳期还是没敢用，涂大宝都又痒又疼啊，我以前都从来不长痘的，生个娃诸多折磨，眼泪汪汪,0
特大消息��三小时的会议足足让我睡不着觉，兴奋不已！！,0
BBS版本：由Building(建筑)、Block(街区)、Street(街道)所组成的城市生活平台。,0
小红帽，一到公园就被嫂子的儿子煽了一巴掌，真是醉了，这么小大人@与名表恰1Y8M4D,0
除了我自己，谁也不能说我腿粗！妈蛋！你这个蠢货,0
3、学之于造化，异类而求之涂又光先生一生持身严谨，坚持学问的正道，追求书学的最高境界。,0
到底心有多黑暗才會連做夢都要打打殺殺,0
听说老家下雪❄️了，好想看看哦，上海能下雪真是太难了，即使这么大了还想像小时候一样在雪地里玩呢,0
每天弹出信息八百回：“内存空间不足～内存空间不足…”不足你妹！抹掉所有内容后，又蹦出这么多内存～是要诱惑顾客买新机嚒！,0
我并不是一个坚强的人。但我知道在生活中。该坚强的时候就要坚强！,0
脚步发虚，身体发软，感冒的后遗症好大呀,0
负责又热心的中国好老师～��这种好人都快灭绝啦…给我曹老师32个赞～��没时间来蹭课，就自己在家抽空复习啦～p.s.每次打卡都有秒赞党。。,0
在那些年里每个人都有一颗林真心。故事在复杂结局在一起就好�,0
在这么冷的早上，和朋友一起吃一碗热腾腾的面，驱散寒冷。美好的一天开始了,0
曾经过了十八个阴历生日…再一次祝自己今天生日快乐！,0
@周鸿祎@360奇酷手机看看你们的奇酷社区吧。当初的情怀都不知道去哪里了,0
你说给别人的情话我听着就不会害怕孤独的生活了,0
我需要你的时候怎么不出现，好想哭,0
今天用成都买来的豆豉烧了麻辣豆腐，味道真不错，没想到某人回来居然说麻的不吃，我真�屁拍在�脚上,0
练习好几年了！眼看差不多了，麻蛋！它居然改版了！！！！！���,0
去看了在嘉量的比赛！只能说我大计量越来越牛了！人才济济不输其他学校！,0
火腿肠最近推出了一款新，几可乱真！,0
pu高，脾气差，性格怪的女人，真的很讨厌,0
越玩越不舒服、“Tok……蛋蛋”,0
老公今天说告诉我个好消息，律师那边告诉他，我的居留证件半个月左右，大使馆那边就可以搞定了！可惜的是，我还要等到明年1月才可以见他,0
死胖子，这次我是真的走了！再也不回来了！,0
对于我爸将收件地址写成泸州医科大学也是伤心,0
果然没有喜欢错小婿邹市明为讨岳母皇太后欢心一大早起床做早餐,0
“我记得刘燚4岁时，就来我们这里学球了。,0
养殖业以养鸡为主，鸡场20个，饲养量2万只。,0
美国电音舞曲男歌Nicco，出生于美国-马萨诸塞州-格林菲尔德，2011年4月签约SonyMusic，同年8月发行个人首支单曲《Downpour》。Nicco联手Dank新作《IntoTheLight》。,0
布吕根区位于挪威西海岸，坐落在天然港口沃根东南岸上。,0
尼玛神烦，难道我像个有钱人？怎么这么多人跑来向我借钱，偏偏还是些玩的不咋地的。,0
早晨...发梦惊醒…心有余悸...行圈石化山吃个早餐然后再买菜回来继续睡？台山·东门,0
错错错！！！不会不会不会！！！真的就是命真的就是命真的就是命！！！靠自己吧靠自己吧靠自己吧！！！,0
书到用时方恨少谢谢某姑娘还留了这么一本书给我,0
欧洲债券市场是指发行欧洲债券进行筹资而形成的一种长期资金市场。,0
一听培训就犯困，困到不能自已，刚刚睡着一秒好像被看见了，主讲人就匆匆说休息了。。。。。所以我知道自己不能继续读书啊,0
1个人履历李  玄旭性别：女奥运会报名项目：游泳最好成绩：2009年十一全运会400米女子混合泳比赛。,0
就当是丢了，还不如喂狗了，草，懊糟死了,0
不得不承认。我的内心是畏惧和恐慌的,0
看着我老妈这年龄的活力劲，真想叫她再生第二胎。让她对我严厉管教的视线转移到子弟妹身上。我快疯了…,0
可由色谱法分离出14种染料，其主要成分为上述8种，其他少量的6种成分的结构尚不清楚。,0
手机电量透支之前最后一条来自荣耀3的微博，估计这辈子我是打不开它了妈的,0
11.14傍晚，由于玩了一整天，作息时间全乱，没午睡，回到家还跟她爹玩到疯，完全失控，被我一催促洗澡，往楼上一奔，一秒的时间在楼梯转角撞伤了嘴唇，鼻子下面马上受损，嘴巴已二度创伤，牙齿流血，上唇马上肿起，大哭不止，我抱着她，自己都看哭了。可怜的娃，又是父母失职让你受伤了直到哭睡,0
宝宝早上好哦，今天你已经31周➕2天了哦，离你出生的日子也越来越近了，麻麻又期待见到你，又希望你多呆在麻麻肚子里，真是纠结的妈咪啊，麻麻想好了你的名字叫浩恩如何啊,0
最讨厌某些人逃课！还有人帮忙喊到，这些人就应该受到逃课的惩罚,0
烦人的事情千千万！那也就算了，恶心的人还一堆堆！真的很想发脾气,0
这球看得气饱了踢得烂就算了还瞎**判,0
傻逼客服，问什么都回我个❓问号，产品有问题要求退货，问它退货地址，还是回我问号❓，我的个暴脾气,0
许下一个不能说的秘密����在这寒风肆意的季节里,0
什么？启动不了！大本你胆敢偷懒,0
真是可怕的恶犬[摊手]太吓人了,0
都快11点了能不能把你看电视的声音关小点集体生活就是自己过的舒服的同时也不要影响别人,0
现今，他拥有各个时期的原有老木板400余块，各个朝代和地区的原有老年画300余张。,0
忙忙忙，不给我吃饭，我就喝呗，灌水饱个er……,0
就因为个年份格式错误我写了一个多小时的东西全部要重写不能一次性说清楚吗,0
发表省级以上学术论文47篇（其中国家级重点6篇，国家级7篇）。,0
什么是风景？我想看的其实不多，正如我所做的。回忆着过去的、为将要的遇见作准备。我明白，虽然我的明白只是明白--风景已然过去。在眨眼之间，没有流连忘返、没有拍照留念、没有这个、也没有那个，我只想把风景留下，留在他扎根的土地上。不愿带走、破坏…终点站到了，让我先闭上眼睛,0
这想必是所有人生病后的喜悦吧没有之一,0
民国元年（1912年）春，清帝退位诏书传到，是日半夜，宝胜开枪自杀。,0
吃了感冒药睡觉未免也太舒服了不想起,0
这么好的日子许个愿吧！愿望的内容呢，就是一切皆如我所愿。��,0
又在公交上碰见流氓了，妈蛋，是不是看我好欺负，以后出门要带把刀,0
放下包袱，才能前行，重视不能代表压倒一切，不能把自己搞垮，加油，放松，一切尘埃落定后都会烟消云散……,0
现在以自己可以承受的价格把自己的文字印成一本书，也算是完成了自己的心愿。,0
十九天，胆子肥了，你完蛋了，你敢咬我，你给我小心一点点,0
无良的物业，大半夜的，全院的灯一个都不开，,0
特么三天两头被问是不是做模特的…不是不是姐姐我不是………,0
蟹肉炒蛋吃出了幸福感暖暖的开启新的一天啦,0
好好一游戏，非得换人物风格，设计师是去东南亚分部实习并且留在那结婚了么卧槽？！,0
晚饭吃了，但现在这个点又饿得前胸贴后背，忍着！女人就要对自己狠一点。#最近体重飙升，该控制下了#,0
回老家无意中拍到的，牛羊过马路，哈哈很有秩序，不紧不慢的,0
上个月排队一个多小时办的业务这个月居然没生效！！！坑！！！！是要再去排一个多小时吗？@中国电信福建公司@厦门电信江头营业厅,0
1947年罗华生他调，贺东生接任师长。,0
当我抱着热水袋在床上疼的生不如死的时候95528突然来短信告诉我住宿费退了，心里有了那么一丢丢安慰，可是我他妈还是疼啊卧槽,0
又有种回到大一时候那种感觉，忙碌起来不知道东南西北。每天都会有一些事情去做，把生活充实了起来。现在付出每一点，只为了将来能够顺利一点。（一忙起来忘记吃饭，心存事情都会十二点以后才能入睡。久违的日子，好像回到了大一）,0
早上上课回来直接躺床上睡觉到下午然后三四点才吃午饭打几把撸再看一部我露露说特别适合我看的电影前任2再点一份喜欢的芋圆南昌的大风和我有什么关系。,0
终于写完了回到寝室，感冒重得要死掉了,0
我们这里第一场初雪！昨天狂下了一天，然而，我闺蜜出嫁，特么差点冻死我！！今天地面结冰……各种滑！感谢老妈的小花棉鞋，给我带来了不上少温暖…,0
我发现我衣柜里一件羽绒服都没有，之前的冬天我穿的都是什么,0
谁弄坏了我的门，站出来，保证不打死你,0
【培养合作能力】游戏是培养宝宝合作能力的最佳途径。角色游戏如娃娃家、在医院里、在商店里都能培养宝宝的合作能力。家长应尽可能地为宝宝创设条件和环境，进行不同角色的尝试，并利用自己的生活经验参与其中。通过游戏宝宝可以学会不同的交往方式，使合作能力得到有效培养。,0
1Y11M18D，调皮鬼铲外婆阳台的泥，笑地停不下来，你可真会玩那…,0
总是想晚上等老婆睡着了再写点啥，结果一关灯我就像没了知觉一样昏睡过去。有次以为老婆睡了拿起手机写长篇大论虐狗，结果一睁开眼天亮了原来又是做梦。老婆最近进入孕晚期了各种睡不着，我怎么就能安心睡觉呢,0
不必要急于去解释那些误解与成见，这世间又有多少人能够得到别人的理解与认可呢，学会隐忍，学会释怀，学会安详，由它风雨摧，心地存柔软。,0
一个早上和中午都在梵蒂冈，博物馆很大，典藏很丰富，拉斐尔萌萌哒!,0
一开始仲以为佢系度整饼。。。睇完之后默默献膝盖！,0
还有资料分析跟数量关系！我真不是很想碰,0
吓死人了吓得我赶紧转发关注了～,0
莫名其妙的电脑就中病毒了，麻蛋,0
今天又是充满能量的一天～！今晚我们的小组会议又将召开啦！！！上周的调研效果不如人意，这次会议就要一起设定好下一步的计划啦～亲爱的们～,0
前几天冷成�了，今天又穿厚了所以说，明天我穿什么这是个值得深思的问题,0
笑一笑吧！老鄭開農場養乳牛，老王去參觀老鄭的牧場，老鄭正在幫乳牛裝全自動擠奶器。擠奶器上上下下在乳牛乳頭搓動，很俐落的。,0
认识这些图的人现在都大学毕业了吧,0
猎奇漫画《木偶增殖》，一款可以操纵别人的高能APP，太高能了！,0
這幾天房間裡的Wi-Fi信號弱得我都想殺人了！！你這是要幹嘛！！！,0
谢谢一直陪伴我的人，时间过慢点吧,0
毫无疑问，密尔斯是得到这种殊荣的第一位美国人。,0
每周一次组会，感觉都是用来膜拜学霸师兄师姐们的，满满的正能量，打完鸡血还是愁啊，为什么做的都不好,0
1921年06月01日：三良坂村改制为三良坂町。,0
能提供在线观看和下载最新的国内外电影和电视连续剧的服务。,0
我英语不好，只占了10条，依然热爱生活热爱音乐，古耐～！,0
外面club吵得心脏病要犯，住三晚上2晚上得闹到凌晨三四点。一大早还要爬起来去玩，想想自己也是蛮拼的。RP这么差在airbnb上租到了这样的民宿必须差评！！想打个投诉电话都没法打，心里苦只有等明天找房东退房了，那么多帮人买的东西也要一并处理掉……这趟日本行真是苦。,0
今天今天，楼上装修的真得好吵，吵的我脑袋都要炸开了,0
优优团自创建以来以自己独特的魅力一直在壮大发展，经过六年的持续发展，现已成为当代中国网络电子商务企业的典范。,0
特别值得一提的是影片中“装作被害者的实际上是加害别人者，而自愿当加害别人者的却是真正的被害者，所以被公认为是一部手法新颖的杰作。,0
生活，要不要这么操蛋。过不出自己想要的，还不是自己造成的。,0
五年前的今天，我遇见你。从看到你的第一眼起，我便爱上你。5年你毫无悬念地成为我一生最爱的男人,0
一早跟一个开着路虎，干着国家公职，素质低下的人大吵一架，在土匪面前勇往直前，事后静静的坐在那里暗自流泪半小时，发泄吵架时的恐惧与心慌，流泪后眼睛清晰，鼻子通透，被狗咬怨不得任何人，有些时候必须要坚强，要勇敢，因为你只有一个人，但愿尽早离开这鬼地方，,0
老公看来是不想过了居然买了一套乐高话说你娃还没出来呢是你买给宝宝的还是你自己想玩儿玩儿啊人家明明标注了适用年龄：4～14岁而且还是辆挖掘机,0
应该是和超人有关箱子老师：旋风村旋风学府一年级教师，可米他们的老师。,0
调料：花椒、大料、白糖、盐、鸡精、黄酒。,0
我头像居然是韩国本土第一位单人登上vogue封面的男明星,0
结果5条蜈蚣下肚，病情仍未好转。,0
刘湘不愿把20几个保安团（由刘湘的二十一军改编）交给康泽，因此表示坚决拒绝。,0
尼玛，一大早接杯水，再转身拿伞就没了别人家的伞就这么有吸引力麽你是傻还是傻还是傻,0
有联系的东西好比一根链条，牵一环而动全身。,0
又一次爱上了剧中的男二！还是第一次喜欢剧中男二还坚持看完的剧。十元的神经质演法眼泪都给我看粗来了,0
：鲁迅《书信集·致谢六逸》：“看近来稍稍直说的报章，天窗满纸。,0
吓人！[惊恐]#鹿晗#可怕[摊手][摊手][摊手]#鹿晗#[摊手],0
现在的商家真是一点商业道德都没有,0
我想晚上睡觉时一翻身就可以抱到你，我想早晨一睁眼就看你和阳光都在，我想你可以一直属于我。,0
传统中国画以书法为基础，重书画同源与笔墨，以“骨法用笔达到“气韵生动并以此作为最高标准，拥有自己独特的价值体系。,0
怀孕的母牛，因受到惊吓，产下一只…小羊……此案例真是吓着本宝宝啦,0
这是因为巴氏消毒不能杀灭芽孢，为降低食物中毒的风险和避免食物快速腐败，许多国家强制执行巴氏消毒产品冷藏销售。,0
3、家居频道提供众多创意百出的家装风格和居家装扮的搭配技巧，为用户提供丰富多彩的居家生活。,0
后来我想我开始犯的一些错是因为我相信你们，相信你们说的每一个字，心疼你们的遭遇。然而我忘了每一个人都会试图夸大自己的伤痛甚至于伪造，而我就这样活在你们的混淆视听下连中立都战战兢兢。我本不该承受的统统都被迫接受。我本不该犯的错统统都不可挽回。我在想下一次要用什么眼神对上你们的目光。,0
哪个唐僧在念紧箍咒，头疼的要炸了,0
他们在湖中捕鱼，在滩上耕作，靠着半农耕半渔猎的生产方式生存下来。,0
周末两天都在家睡觉。睡得那叫一个爽！想下楼走走，竟然开始下雨。,0
薰子声优：田中敦子记者，和相泽关系不错。,0
第五张是传说中的四头身么！！！？？？,0
发生过的事又怎会不存在时间不会冲淡一切时间只会摧残容颜,0
希望之后的八十年你还是我的！你一牵我舞如飞，你一引我懂进退，苦乐都跟随，举手投足不违背，希望你每一天多能开心，也希望我每一天都能不气你,0
晚自习回来整理完到了这个点儿，忙到没朋友。。一键美颜也拯救不了疲倦的我了。。教育研修月快点过吧。。PS：明天法治办来听的非要在一堂没有法治内容上被强加上法治内容的历史课希望顺利通过。�晚安,0
感觉自己精心呵护多年的花朵�被人拿走了。,0
又一个逆行了还拽成一脸翔的女司机我TMD今天遇到两个了！！！我只想对着她们的脸喊一句：滚你丫的,0
这真的是我想要的生活吗？一个人静静的等待你回家，每天都是我和宝宝在家。有时候你在家我也是感觉我一个人在家的一样我真的好孤单好害怕，我发现现在的自己静的有点可怕。,0
休假就算不去旅行也真的好惬意幸福啊有你们在我身边每天都这么充实幸福,0
他穷困潦倒，她不离不弃。她问他“你们男人都说女人如衣服！你会不会有就抛弃我。”他坚定地说不会……原来她家其实很有钱。在她的帮助下他事业有成，外遇却也不期而至：她质问“你当初的诺言呢。”他只是淡淡地说“那时我知道你有钱：而我也没有别的衣服，”,0
睡觉之前来一首电音梦里也会嗨起来吧晚安窗户外寒冷的世界,0
是我太任性了么可能是相处方式还需要磨合吧但是你怎么可以这么长时间不找我,0
放学去找快递，快递木找到，回到宿舍还木有饭吃，下午还要讲PPT，晚上还要做汇报。。。阿西巴阿西巴阿西巴。。。,0
如果受伤害的幼女是某村官女儿呢如果受伤害的是某法官女儿呢如果受伤害的是某达官贵人的女儿呢你告诉我！判的刑还会这么轻吗？！！,0
我居然忘了驾照放哪儿了…内心要炸了…,0
老子跟你说过好多次了，不准帅，不准撩，拍完就赶紧回来，你忘了家里还有一群老母亲么，你特么还撩到大街上去了，吾儿叛逆伤透我心,0
1935年，德国经过近五年的研究，发现铸造锌基合金和铸造铝基合金的力学性能和减摩性能均可以超过铜基合金和巴氏合金。,0
谁都会害怕尤其是拼了命的珍惜到最后却还是什么都留不住,0
四、女娲氏可是，使这个由盘古辛苦缔造，由玉皇大帝天老爷主宰的世界，免于被毁灭，而迄今仍然存在，我们必需感谢第四位神祗女娲氏。,0
自称祖籍陇西成纪（今甘肃静宁西南），隋末其先人流寓西域碎叶（唐时属安西都护府，在今吉尔吉斯斯坦北部托克马克附近）。,0
9.27产检血项很久没查这次查了肝功能没想到居然异常医生害怕和紧张的样子让我有点慌立马b超肝脏一直以为小兔兔踢的我肋骨疼没想到是肝疼一直以为顶着胃才吐没想到是肝脏引起希望没有什么事～折腾一整天提心吊胆～胎心监护忘了带腹带小朋友也饿了不大配合只能希望下一次产检能顺顺利利～,0
有好人就会有贱人，这个社会就是这个样子。妈蛋，道理我都懂，但还是诅咒她去死,0
看图受到了惊吓，这不至于吧谁能告诉我，这是真的还是P的,0
快被周围没用的男人给气死了，都是什么鬼，长不长脑子,0
奶奶的以后别再告诉我你不管吃辣我一瓶老干妈斗给我干没啦,0
建设工程和项目通过省级检查验收，工程合格率100%。,0
真TM累，一个大老爷们坐对面一直不停抱怨抱怨，累死了姐姐心累啊,0
去学府书城我看中医书。她看美食书。结果她看着看着就拽我来凯德吃饭了。我有一颗减肥的心。但我有个爱吃的贱内。我也是醉了,0
娜轩打电话到孤儿院，得知银鹤在家，电话响起，银鹤听到了娜轩的声音…第37集?银鹤不接电话，娜轩找到了仓库，等待银鹤回家。,0
总想说些什么，说什么呢。人丑就该沉默嘛！,0
睡觉就会踢被子。。你不感冒谁感冒。。。,0
金星变性作表率，粉丝效仿心变态，金星变姓靠他人，粉丝变性可自裁。其勇气比金星更胜一筹，牛！,0
看到这个话题莫名的又想把我的生产日记拿出来了因为这真的是女人一辈子都忘不掉的痛和幸福。,0
谁说的人生如梦，然而作了几晚梦评估竟tmd还没完，明早还要静静地看狗腿砸们装逼起飞，坏了我的好梦，狗蛋的,0
天天给领导打扫卫生端茶倒水送文件，前一秒我把桌面地面烟灰缸全都擦干净，后一秒他们就又把烟灰弄得到处都是,0
2010年4月曾有报道称：中国证监会正在展开一项关于农村地区证券投资需求及现状的调查。,0
#下雪了#对面一直在放欧巴的mv，我就在对面无声的看。到底还是没有看到你们，也不遗憾。过去就过去了，不想追就不追了，有些事过去就过去了。顺其自然，挺好。,0
今天发现了一个非常非常非常奇葩的人,0
等～却发现自己是多么喜欢黑暗和宁静。早安,0
泡沫包装厂已成为青岛澳珂玛集团、海尔集团的定点协作厂家。,0
我到底是算什么啊！一点心没得到完完全全的当我是外人啊！嫁给这样的一个人我到底是求什么啊？何必啊。我到底是上辈子欠了多少啊。,0
将军庙街：东西走向，西至国公街，东至环城东路，路长186米，宽2.5米。,0
1心好累，被学生误解好难过。2我以为真心换来的也是真心,0
优酷就特么是废的，别的网站比它清晰度还高的一路畅通，它就是走两步停三步又走一步停两步。,0
不具备审视问题或要求是否合理的习惯和能力，在真正的软件开发中就如同盲人骑瞎马，不可能不掉到沟里。,0
卧槽要连续14天加班无休让我狗带吧没钱还要被剥削都是耍流氓！！！！按照这个进度蛋巡他是不可能批我假期了，丢工作倒不怕，就是怕现在这个变态的连坐制度要让他有借口扣本单位分。不想因为自己给集体添麻烦。但是我也没有这么大公无私放弃自由！谁也不能阻止我！！！,0
全身疼炸了，感觉已经到身体极限了，难受的我想吐,0
我也是醉了，叫外卖明明写的公司地址，也能给我送到家里去,0
想我姥姥了，很想很想！多想回到过去坐在小凳子上，您给我讲着故事梳小辫子～～,0
某天上课，老师发现有个学生不听课；就说了他。他还不听、老师火了说、“给你取个日本名：缺心眼子”！学生反驳、“那我也给你取个：大完犊子“。老师，“：”,0
今天在体育馆旁边看到一个三四岁的小朋友，拿着扫把扫落叶。扫把比他还高出几个头，我问他几岁了，他也没有回答我，只顾着认真的扫地，很卖力，扫得很干净。看到这一幕，很受触动。他那么努力的做着远远超出他能力范围的事，承受着他这个年龄不该承受的东西。我真的感动+心塞,0
某单位好牛！受邀去做小型学术报告，可桌面上的投影仪总也调不正，不是左歪就是右偏。这时，秘书过来，熟练地从柜子里抽出个小红本，只轻轻一下，就把投影垫平了。报告毕，俺不经意地斜眼一看，妈呀，那个红本本，竟然是一个国家级科技奖励证书！,0
玩家也将能够出的创造出新招式，并在战斗中使用隐藏技术。,0
那一瞬间，眼泪居然没忍住…………,0
强力推进故县开源农牧业有限公司万头猪场和元宝山生态园等农业调产项目建设，着力培育两条农业产业带。,0
小时候，奶奶和妈妈，长大了，妹妹和妈妈…我永远夹在中间，明明都是为了对方好，为何总是吵的二败俱伤。我的心比谁都痛,0
公司本部设在北国冰城哈尔滨市，生产工厂设在哈尔滨和江苏省。,0
腿叉成这么走的，家里人怎么教的啊，一个女的这么走路，是被操多了吧,0
自己换了一桶水，还把手指头给压的肿起来，是男人干的活你就别争了好吗。。简直疼的快哭了。,0
罗大翠，女，生于1964年，陕西安康市镇坪县人，是“华南虎事件主角周正龙之妻。,0
一夜初雪后，满城尽披白纱衣你们肯定都拍了雪景，赶快晒起来,0
笔记本开不了机怎么办。没办法只有上楼用我爸的，我很是怒气冲冲。开不了机，要你有什么用。机到用时方恨无,0
麻痹的！中国男足必须有人出来负责！你大爷的，教练谁定的？球员名单谁他妈定的？你们他妈必须去死！,0
身为防守型中场他是葡萄牙21岁以下国家队的中场核心，出终的天赋为他在葡萄牙赢得了“贝利的绰号。,0
美国芝加哥大学著名数学家迪克森（L.E.Dickson）就曾说过：感谢神使得数论没有被任何应用所玷污。,0
李季风    （1917-1945）原名李福宇，辽宁辽阳县人。,0
扩大治安信息员的社会涵盖面，指导他们收集涉及社会稳定、治安管理、违法犯罪、社区人员的信息及对重大政治、经济、文化活动的反映等。,0
白大怡告诉金深水，日本天皇幼儿园藏有不可告人的秘密，那些孩子负有特殊任务，希望看在提供情报的份上，救救他儿子。,0
那些年我们的课本插画，眼泪哗哗的~,0
又写1000字，什么鬼啊！写泥煤！,0
现在单洗个头，腰都快直不起来了，很是担心孕后期，我这腰啊,0
来无数次都没用哎真的有点jian,0
四、注重行风建设，不断提高殡仪服务水平。,0
快点来一场大晴天分点小太阳给我,0
王八蛋，盗我号，有意思么，我上面也没有东西,0
新版本让我知道，原来我好几个评论都上热评了。。。,0
南旅文艺部预祝篮球赛圆满成功！！！！,0
曾经幼稚的以为自己泪点很高，发生再大的事情也不会流太多眼泪；也曾稚嫩的认为自己是个理性的人，任何时候都可以理性思考；也曾幼稚的认为分手哪有那么可怕……可是经历过才明白现实是什么，一次真正的分离会让你体验到真正分手的含义……原来自己如此脆弱，如此害怕分开的痛苦晋中·和顺县,0
以后苦日子真的要到来了，饭到现在才开始吃,0
我好想你了，也不知道你是不是也在想我呢，我买的一对情侣杯，一个因为我的丢三落四被阿姨扔到垃圾桶了，还有你的那个我一直没拆也没用，你说让我用吧，我也有点舍不得用，想留给你，也舍不得再买了但是只剩一个的情侣杯……我表示我很抱歉呐，怪我太疏忽了,0
北京中医药大学常章富教授说，大麦味甘、性平，有去食疗胀、平胃止渴、益气调中、壮血脉、实五脏、化谷食之功效。,0
一早上真叔心惊胆战…昨个大蟑螂攻击…今天早上火车上的大蜻蜓攻击…天下�都TM怎么了！！,0
比赛结束了收获的只是气愤！妈蛋原来可以这样玩，我们助你登顶原来就是利益你一人全占，原谅我太单纯，妈蛋，以后不能一起愉快的玩耍啦好吗？,0
人啊总是一到晚上就会把你所有的感情捋一遍，第二天觉得太贱又放回去。,0
时差还没倒过来，迪拜这里才八点多我就已经困了！睡吧��,0
嗨！老慢鬼，生日快乐，接住我热情的双唇,0
兰博基尼Veneno最大输出功率为552千瓦/750匹马力，从0-100公里/小时加速只有2.8秒，设计最高速度为355公里每小时。,0
对于没有计划可言的举动我真的很讨厌！！！！,0
人善被人欺，马善被人骑！气死我啦,0
自贡街头这样一幕，真怕“飞”起来！#自贡身边事#网友爆料称，“看得我胆战心惊，摩托开不稳，拿石头绑起还是左右摇晃。两根道占斗别的车根本过不了，后面的车不敢超，害怕把他挂倒。蜀黍快调板仓到两湖大桥的监控，把这几个要钱不要命，又影响他人正常行车，堵塞交通的罚到住……”详戳...全文,0
皇册家园三期南第是皇册家园的第三期，位于秦淮区船板巷，距新街口1.5公里，邻十里内秦淮，地理位置优越。,0
那年，我在高考，或许在为上哪所大学惆怅···如今，社会的考场无时不在考验着我们，天天都在高考···高考啊高考···考啊考！,0
满满的全是要背的求我心里阴影部分面积,0
恐怖[哆啦A梦汗]试了一下，简直可怕马//,0
好想看完了这集睡，眼睛实在睁不开了！明天早班啊，一集一个小时啊！看？睡？看？睡？,0
好累！好想有个肩膀依靠！好想有个怀抱温暖！好想累的时候你可以抱抱我温暖的告诉我还有你,0
有点一失足成千古恨的感觉，头发太太黄了，感觉很low,0
有病吗你有病吗！！！！！！我是不是太好说话了！！！！！对不起我也是有脾气的！！！！！,0
发恐怖照片，人肉千爸和弟弟那两次是真的可怕#TFBOYS##易烊千玺#存档。有事没事拿出来看看，老粉看看防麻木，新粉看看认清楚公司和垃圾。这个小孩儿，从始至终，只有你鹤是底气。,0
又拉肚子…我是不是有出差恐惧症啊…希望这次别再肠胃炎了,0
不必太美只要有人深爱不必太富只要过得温暖,0
今晚，不对确切说十二点之前，本来打算和阳阳分开睡的，也这么做的，他一个被子，我一个被子，因为昨天晚上发现他好热，出好多汗，结果看看这个点，俺俩都没睡踏实，我压根就没睡着，好无语，还是抱过来一起吧……,0
老子是要疯了！楼上你们啪啪啪能小点声吗？我晕了！还让不让人睡了，你妹的……,0
阴茎囊可向后延伸超过或不超过腹吸盘。,0
应该是舔到伤口了手上有伤口确实会被感染，但是没有伤口舔一下是肯定没事的，这小编就是唯恐天下不乱。建议大家去了解下世卫组织的十日观察法，狂犬病是可怕，但更可怕的是无知引起的恐慌//t.cn/RceoAGq,0
天天这么累还有时间发动态矫情我就矫情一下还不行么,0
戚薇是个歌手，还是演员，我一直一直以来以为她是个写时尚专栏的,0
寝室关灯捂在被子里边看凶宅笔记隔壁床铺的舍友突然坐起来………吓死爹了,0
我真TM的不该多管闲事。本来就是关我屁事。,0
下晚自习回来，平时走的路被堵了然后就走了小路，到了一个高台阶下不来了，感谢那个学长接住了我要不就摔的好惨，谢谢那个我还没有看清脸的学长弱弱的说一句学长好帅,0
服务单位负责落实工作岗位，提供免费住宿等相关保障，并对志愿者的工作进行业务管理。,0
最恨走到别人后面听别人讲话的人关你屁事,0
冬曲西支名窝布绒曲，发源于直候玛雪山，长约75公里。,0
#记录我的梦境片段#梦见我要了很多抹茶味的甜品最爱啊！可是我妈不让我吃当是不知道为什么月半车干也和他妈坐我旁边我就一边控诉一边哭月半车干还安慰我现在想来吃货的梦里梦见的都吃吃货,0
美好的心情来自昨天晚上梦见你，goodmorning,0
其时，敌军械所防范甚严，一个所外人去所搞工人运动难度很大，和工人接触只有在中午放工和晚上的时间。,0
哈哈哈哈哈笑点又被戳破了。。好可怜的孩纸~,0
看着朋友们发的火车还有回家的人中国人太多太多了[泪]想想接下来我的将近19个小时的火车硬座之旅真心害怕恐惧呀现在真的体会到火车卧铺的性价比真的很高仅此一次以后出门一定买卧铺高铁神马滴还是舍不得没有卧铺宁愿不去虽然没钱但是得对自己好点毕竟坐次夜车感觉会沧桑好多,0
佩兰！我操你大爷！2022再见,0
睡不着，想着半天以后我的心情，真的是好心酸好心酸～求保佑,0
眯了十分钟，做了一个梦，好想你，想的心疼,0
最近真不知道是行了什么鸟屎大运，不管去哪里办事只要遇到女员工就别想顺顺利利。,0
依稀记得小时候爸妈总是在八九点钟电视剧还没看完的时候就催促我们去准备上床睡觉然后小时候的我们因为害怕还不能违抗父母哪怕心里一百万个不愿意也会乖乖上床把眼睛闭上这一觉啊没有噩梦没有思念的人没有被眼泪弄湿的枕头可是不知怎么那样的日子再也回不去了,0
一早就碰到两奇葩，退卡怕泄漏资料就不要办理啊，又是照片又是视频的，第一次和顾客吵架（可惜不会吵,0
一整天都是心不在焉的。心里总是在期待些什么东西。真心不喜欢这样的自己,0
今天换换口味不吃沙县小吃了奶奶早起特意煮的完美,0
瞧这家伙这副衰样，要不是自己养的，真的好想抽它几下,0
卧槽他嘛这逼老师咋一比一个贱呢怎么上个课还得一天二十四小时都陪着你你想啥时候上就上不想上就不上是嘛你的时间宝贵别人的时间都算个屁是嘛蛇精病！,0
她数了数房间里的桃心。一共是519个；还差一个她就会接受他：可这一天始终没有到来、多年以后的一次聚会！她问他为什么；他说；“因为朋友比恋人更长久，”,0
我就够了，天天上班不说了，钱也没挣到，天天还要考这考那的，要不要我活了！,0
好吧到今天为止全部的好运气用完了,0
已幻想着一千种方式去对待，可是现实总是不太尽人意,0
玩狼人游戏，有种让人觉得玩了一整晚的感觉。总之就是困。。。。。,0
东北第四年，越来越不抗冻了。。穿着大羽绒服也试着冷风飕飕滴透进来,0
自己关门把自己手夹了，门是实木的，快哭了,0
外面下着雨，冷冷的；屋里飘着葬花吟，低低的。一碗白菜炖豆腐，几个开口笑的馒头，再加一个不听话的孩子，我的这顿午饭啊！,0
一件事情有必要来来回回，反反复复的讲吗？知道你很了不起，见过大世面，讲点有涵养的东西可否，别让人一听你讲话就觉得你特低俗。本来头就有点晕晕的，叨叨叨叨叨叨叨的头都要炸了,0
多次被省市电视台、电台、报纸采访。,0
今早带个新帽子出门，开启一天好心情,0
这两天没刷小号突然几条评论都上热门是怎么回事,0
四个字就让我充满力量。加油luna！明天加油。,0
本以为自己已经够坏了，没想到还能更上一层楼，越老越没心没肺了怎么办,0
你他妈A、B站耍我呢！把人玩的不要不要的…一下子这个可以看一下子那个不可以看！,0
当失去对一件事新鲜感的同时也失去了好好做这件事的动力。每天上课渐渐也麻木了，发现精髓或者捷径就是抓住重点和考点，只有准备公开课的时候才会去挖掘那些知识中有趣的东西，但却没有精力每节课都这么认真准备。尽量，时刻保持新鲜感！,0
这个充满歧视与不公的世界！！！为什么别人可以肆无忌惮地涮火锅吃烧烤吃油炸，我的体质却连做作业时随手抄把干果吃也要得咽喉炎！苍天哦！大地啊！见鬼哦！何况还只是这种葡萄干而已啊！一早起床嗓子哑了！痰卡喉咙了！连眼睛都糊满眼屎了！脸又烂了！,0
本宝宝心里苦啊每天过的都是什么日子啊！！！！,0
你依旧是我的软肋却不再是我的盔甲,0
突然收到法语妹子的邮件说要休病假。我哆嗦着问，额，不是因为恐怖袭击吧。。。她回信说不是，就是病了而已。吓人呐。。。,0
有一次，她不听话，等爸爸走了以后，自己跳到东海里向归墟游去。,0
请示刚跟上来的副军长胡继成，胡继成未明确表态。,0
TCP加速器打包标记帧到一个IP隧道，并发送到RCST。,0
世界上为什么有如此巧合的事，20101117我第一次陪老李到了这家治痘痘的店，20151117的今天我第二次又陪着老李来了……………，只是20101117是我们的开始…………而20151117的我们却已是陌路,0
学术界对领域工程的系统化研究开始于八十年代初期。,0
白发多，熟人乃至陌生人都忍不住建议我染发。一些白发增多的男同事把头发理得很短短。人们怕显出苍老衰弱，像群居动物怕被同伴看出弱势而受欺负。而我像孤僻的猫，胆怯紧张活得战战兢兢，但是对别人的眼光不在乎。,0
1940年春，陆军步兵学校于广西全县设立西南分校，吴任分校中将主任，即校长。,0
早上好，再也没失眠过，这样真好,0
从来没有如此想到一个人的名字就会愤怒、想把这人撕碎的心情都有、我祝愿你早点死亡,0
  一份切片三明治面包(约二十余片)，鲜虾仁20只，土豆2只，鲜肉糜少许，色拉酱100克。,0
刚才写了一大段对天使狗的表白不见了,0
马德里至韦斯卡，经瓜达拉哈拉、Calatayud、萨拉戈萨。,0
深夜放毒拉仇恨，原来叽哥推荐的日式拉面店就在公司附近，大爱～,0
完了，还是没管住自己的嘴，以后绝对要少吃炒米粉，诶,0
莱斯大学很小的学生规模和巨额的校友捐助也成为了它之所以能够提供较为廉价的高水平教育的原因。,0
一个梦、心中又泛起了涟漪！不知怎的心中无爱也无恨…,0
自从上了高二皮肤简直不在状态心酸,0
中共中央政治局委员、国务委员刘延东为研究院成立发来贺信。,0
deadline前提前完成了项目表里的所有内容，上线第6天，内容已调整至2.0版本。单平台上陆续出单。今天有赞引来了第一笔成交，心中暗暗yes了一声。这可是周六的新尝试和努力，周一就见了成效。虽然现在还没有阶段性的大胜利但这种体验依旧令人兴奋：试着去做，不可能的事总会发生可能。,0
爱情很简单，你懂我我懂你。无需太多的言语，挚爱。,0
华语片取名字敢给我绕开欧美热片名，原创不！看到烂片和自己喜欢的片子同名真是杀人的心都有了,0
同时任命崔艺华为中国陶瓷股份公司董事长、郭思远为公司总经理、陈志辉为副总经理。,0
尼玛蛋！！！！气死我了气死我了气死我了！！！！！！！靠！！！！！！越想越生气！！！！！！！,0
天啊，从哪门子轻去发落？以后这种案件能不能直接给死刑来个杀鸡儆猴？！就是惩罚太轻了才让那么多变态发病！如果法官是看钱办事的话，判它们死刑要多少我给！,0
亲爱的微博，又回归啦！好亲切哦！,0
穿软妹服上街都会被围观(´இ皿இ｀)可怕想想我压在箱底的汉服jk制服还有lo……我感到了恐慌[拜拜]所以我以后是只能选择队服了吗TAT,0
赞同，因为我也喜欢蓝，见蓝心情好舒服,0
以后再也不三根半夜的喝咖啡☕了现在都睡不着了�,0
_(:з」∠)_吾日三省吾身，矫什么情，作什么死，装什么逼。,0
（六）指导协调好区级各部门和乡、办事处的科技工作。,0
我，又他吗迟到了…对，是又。早饭没吃，提前两小时起床，在路上狂奔追赶时间还是特么拧不过早高峰。操，我要喝水,0
tomato大了要给更多的耐心。在草地上走路快跌倒时停下蹲下摸了摸草地然后就害怕不肯走了小朋友真的很容易害怕就像洗澡时不肯坐下估计也是不小心滑了下受惊所致。这很正常我们得要有更多耐心慢慢引导既不当作大事儿也不置之不理关于小孩的想法learnfromparents感恩无锡·滨湖区,0
挤地铁的这个女的好眼熟，不会是她吧,0
僵尸吃人之午夜恐惧：意大利很老的恐怖片，科学家研究活死人，然后送了命，朋友来其家里做客，不知危险将至，女人第六感预知危险，无人相信，所以科学家不要研究那些死的还能活的，女人的第六感还是要相信,0
